category_name,name,url,status
Búa nhựa,Búa 2 đầu nhựa vàng-đen Asaki AK-9519 30mm,https://super-mro.com/san-pham/bua-2-dau-nhua-vang-den-asaki-ak-9519-30mm.html,0
Búa nhựa,Búa 2 đầu nhựa vàng-đen ASAKI AK-9518 25mm,https://super-mro.com/san-pham/bua-2-dau-nhua-vang-den-asaki-ak-9518-25mm.html,0
Búa nhựa,Búa 2 đầu nhựa vàng-đen ASAKI AK-9520 35mm,https://super-mro.com/san-pham/bua-2-dau-nhua-vang-den-asaki-ak-9520-35mm.html,0
Búa nhựa,Búa 2 đầu nhựa vàng-đen ASAKI AK-9521 40mm,https://super-mro.com/san-pham/bua-2-dau-nhua-vang-den-asaki-ak-9521-40mm.html,0
Búa nhựa,Búa đầu nhựa STANLEY 56-114 35mm,https://super-mro.com/san-pham/bua-dau-nhua-stanley-56-114-35mm.html,0
Búa nhựa,Búa nhựa Sata 92502 28mm,https://super-mro.com/san-pham/bua-nhua-sata-92502-28mm.html,0
Búa nhựa,Búa nhựa Sata 92503 35mm,https://super-mro.com/san-pham/bua-nhua-sata-92503-35mm.html,0
Búa nhựa,Búa nhựa Toptul HAAF3530 35mm,https://super-mro.com/san-pham/bua-nhua-toptul-haaf3530-35mm.html,0
Búa nhựa,Búa nhựa cán gỗ SATA 92501 22mm/160g,https://super-mro.com/san-pham/bua-nhua-can-go-sata-92501-22mm-160g.html,0
Búa nhựa,Búa nhựa cán gỗ SATA 92504 45mm/454g,https://super-mro.com/san-pham/bua-nhua-can-go-sata-92504-45mm-454g.html,0
Búa nhựa,Búa nhựa cán gỗ SATA 92505 60mm/778g,https://super-mro.com/san-pham/bua-nhua-can-go-sata-92505-60mm-778g.html,0
Búa nhựa,Búa nhựa Yato YT-4622 905g,https://super-mro.com/san-pham/bua-nhua-yato-yt-4622-905g.html,0
Búa nhựa,Búa 2 đầu nhựa PU trắng đỏ Yato YT-4630 22mm,https://super-mro.com/san-pham/bua-2-dau-nhua-pu-trang-do-yato-yt-4630-22mm.html,0
Búa nhựa,Búa nhựa Yato YT-4620 740g,https://super-mro.com/san-pham/bua-nhua-yato-yt-4620-740g.html,0
Búa nhựa,Búa nhựa Yato YT-4623 1310g,https://super-mro.com/san-pham/bua-nhua-yato-yt-4623-1310g.html,0
Búa nhựa,Búa nhựa Yato YT-4625 420g,https://super-mro.com/san-pham/bua-nhua-yato-yt-4625-420g.html,0
Búa nhựa,Búa nhựa Yato YT-4626 510g,https://super-mro.com/san-pham/bua-nhua-yato-yt-4626-510g.html,0
Búa nhựa,Búa nhựa Yato YT-4624 280g,https://super-mro.com/san-pham/bua-nhua-yato-yt-4624-280g.html,0
Búa nhựa,Búa 2 đầu nhựa PU trắng đỏ Yato YT-4635 22mm,https://super-mro.com/san-pham/bua-2-dau-nhua-pu-trang-do-yato-yt-4635-22mm.html,0
Búa nhựa,Búa 2 đầu nhựa PU trắng đỏ Yato YT-4637 35mm,https://super-mro.com/san-pham/bua-2-dau-nhua-pu-trang-do-yato-yt-4637-35mm.html,0
Búa nhựa,Búa 2 đầu nhựa PU trắng đỏ Yato YT-4639 60mm,https://super-mro.com/san-pham/bua-2-dau-nhua-pu-trang-do-yato-yt-4639-60mm.html,0
Búa nhựa,Búa 2 đầu nhựa PU trắng đỏ Yato YT-4632 35mm,https://super-mro.com/san-pham/bua-2-dau-nhua-pu-trang-do-yato-yt-4632-35mm.html,0
Búa nhựa,Búa 2 đầu nhựa PU trắng đỏ Yato YT-4633 45mm,https://super-mro.com/san-pham/bua-2-dau-nhua-pu-trang-do-yato-yt-4633-45mm.html,0
Búa nhựa,Búa 2 đầu nhựa PU trắng đỏ Yato YT-4634 60mm,https://super-mro.com/san-pham/bua-2-dau-nhua-pu-trang-do-yato-yt-4634-60mm.html,0
Búa nhựa,Búa 2 đầu nhựa PU trắng đỏ Yato YT-4636 28mm,https://super-mro.com/san-pham/bua-2-dau-nhua-pu-trang-do-yato-yt-4636-28mm.html,0
Búa nhựa,Búa 2 đầu nhựa PU trắng đỏ Yato YT-4638 45mm,https://super-mro.com/san-pham/bua-2-dau-nhua-pu-trang-do-yato-yt-4638-45mm.html,0
Búa nhựa,Đầu búa nhựa màu trắng Yato YT-4640 22mm,https://super-mro.com/san-pham/dau-bua-nhua-mau-trang-yato-yt-4640-22mm.html,0
Búa nhựa,Đầu búa nhựa màu trắng Yato YT-4643 45mm,https://super-mro.com/san-pham/dau-bua-nhua-mau-trang-yato-yt-4643-45mm.html,0
Búa nhựa,Đầu búa nhựa màu trắng Yato YT-4644 60mm,https://super-mro.com/san-pham/dau-bua-nhua-mau-trang-yato-yt-4644-60mm.html,0
Búa nhựa,Búa 2 đầu nhựa PU trắng đỏ Yato YT-4631 28mm,https://super-mro.com/san-pham/bua-2-dau-nhua-pu-trang-do-yato-yt-4631-28mm.html,0
Búa nhựa,Đầu búa nhựa màu trắng Yato YT-4642 35mm,https://super-mro.com/san-pham/dau-bua-nhua-mau-trang-yato-yt-4642-35mm.html,0
Búa nhựa,Đầu búa nhựa màu trắng Yato YT-4641 28mm,https://super-mro.com/san-pham/dau-bua-nhua-mau-trang-yato-yt-4641-28mm.html,0
