category_name,name,url,status
Bộ kìm,Bộ kìm 3 chi tiết Stanley STHT90162-8 (kìm răng 8'' kìm cắt 6'' kìm mỏ nhọn 6''),https://super-mro.com/san-pham/bo-kim-3-cay-stanley-kim-rang-8--kim-cat-6--kim-mo-nhon.html,0
Bộ kìm,Bộ kìm 4 chi tiết STANLEY STMT74180-8,https://super-mro.com/san-pham/bo-kim-4-chi-tiet-stanley-stmt74180-8.html,0
Bộ kìm,Bộ kìm phe 4 đầu STANLEY 84-168-22,https://super-mro.com/san-pham/bo-kim-phe-4-dau-stanley-84-168-22.html,0
Bộ kìm,Bộ kìm cách điện chuyên dụng 1000V VDE Stanley 84-011 3 chi tiết,https://super-mro.com/san-pham/bo-kim-cach-dien-chuyen-dung-1000v-vde-stanley-84-011-3-chi-tiet.html,0
Bộ kìm,Bộ kìm kiểu Âu Kingtony 42104GP,https://super-mro.com/san-pham/bo--ki-m-kieu-au-king-tony-42104gp.html,0
Bộ kìm,Bộ kìm 4 chiếc Kingtony 42104GP01,https://super-mro.com/san-pham/bo--ki-m-4-chie-c-king-tony-42104gp01.html,0
Bộ kìm,Bộ kìm 4 cái Kingtony 42124GP,https://super-mro.com/san-pham/bo-kim-4-cai-kingtony-42124gp.html,0
Bộ kìm,Bộ kìm mở tanh 4 chiếc KingTony 42114GP,https://super-mro.com/san-pham/bo--ki-m-mo--tanh-4-chie-c-king-tony-42114gp.html,0
Bộ kìm,Bộ kìm mở tanh 6 chiếc KingTony 42116GP,https://super-mro.com/san-pham/bo--ki-m-mo--tanh-6-chiec-king-tony-42116gp.html,0
Bộ kìm,Bộ khay kìm 4 chi tiết SATA 09912,https://super-mro.com/san-pham/bo-khay-kiem-4-chi-tiet-sata-9912.html,0
Bộ kìm,Bộ khay kìm mở phe 4 chi tiết Sata 09911,https://super-mro.com/san-pham/bo-khay-kiem-mo-phe-4-chi-tiet-sata-09911.html,0
Bộ kìm,Bộ kìm cách điện 3 chi tiết Sata 09261,https://super-mro.com/san-pham/bo-kem-cach-dien-3-chi-tiet-sata-09261.html,0
Bộ kìm,Bộ kìm mở tanh 4 đầu Sata 09251-delete,https://super-mro.com/san-pham/bo-kim-mo-tanh-4-dau-sata-09251-delete.html,0
Bộ kìm,Bộ kìm điện cách điện 1000V Toptul GAAE0301 3 chi tiết,https://super-mro.com/san-pham/bo-kim-dien-cach-dien-1000v-toptul-gaae0301-3-chi-tiet.html,0
Bộ kìm,Bộ kìm Toptul GAAE0302 3 chi tiết,https://super-mro.com/san-pham/bo-kim-toptul-gaae0302-3-chi-tiet.html,0
Bộ kìm,Bộ kìm Toptul GAAE0303 3 chi tiết,https://super-mro.com/san-pham/bo-kim-toptul-gaae0303-3-chi-tiet.html,0
Bộ kìm,Bộ kìm Toptul GAAE0304 3 chi tiết,https://super-mro.com/san-pham/bo-kim-toptul-gaae0304-3-chi-tiet.html,0
Bộ kìm,Bộ kìm Toptul GAAE0307 3 chi tiết,https://super-mro.com/san-pham/bo-kim-toptul-gaae0307-3-chi-tiet.html,0
Bộ kìm,Bộ kìm chuyên dụng 8'' Toptul GAAE0308 3 chi tiết,https://super-mro.com/san-pham/bo-kim-chuyen-dung-8-toptul-gaae0308-3-chi-tiet.html,0
Bộ kìm,Bộ kìm Toptul GAAE0402 4 chi tiết,https://super-mro.com/san-pham/bo-kim-toptul-gaae0402-4-chi-tiet.html,0
Bộ kìm,Bộ kìm VDE Toptul GAAE0406 4 chi tiết,https://super-mro.com/san-pham/bo-kim-vde-toptul-gaae0406-4-chi-tiet.html,0
Bộ kìm,Bộ kìm Toptul GBAT0304 3 chi tiết,https://super-mro.com/san-pham/bo-kim-toptul-gbat0304-3-chi-tiet.html,0
Bộ kìm,Thanh bẩy tự động Toptul GBAT0305 3 chi tiết,https://super-mro.com/san-pham/thanh-bay-tu-dong-toptul-gbat0305-3-chi-tiet.html,0
Bộ kìm,"Bộ kìm mở phe 7"" Toptul GBAT0401 7''",https://super-mro.com/san-pham/bo-kem-mo-phe-7-toptul-gbat0401-7.html,0
Bộ kìm,Bộ kìm Toptul GBAT0402 4 chi tiết,https://super-mro.com/san-pham/bo-kem-toptul-gbat0402-4-chi-tiet.html,0
Bộ kìm,Bộ kìm mở phe cách điện Toptul GBAT0403 7'',https://super-mro.com/san-pham/bo-kim-mo-phe-cach-dien-toptul-gbat0403-7.html,0
Bộ kìm,Bộ kìm mở phe Toptul GPAQ0401 4 chi tiết,https://super-mro.com/san-pham/bo-kim-mo-phe-toptul-gpaq0401-4-chi-tiet.html,0
Bộ kìm,Bộ kìm mở phe Toptul GPAQ0402 4 chi tiết,https://super-mro.com/san-pham/bo-kem-mo-phe-toptul-gpaq0402-4-chi-tiet.html,0
Bộ kìm,Bộ kìm Toptul GTA03150 3 chi tiết,https://super-mro.com/san-pham/bo-kem-toptul-gta03150-3-chi-tiet.html,0
Bộ kìm,Bộ kìm Toptul GTA04160 4 chi tiết,https://super-mro.com/san-pham/bo-kem-toptul-gta04160-4-chi-tiet.html,0
Bộ kìm,Bộ kìm mở phe Toptul GTA04170 4 chi tiết,https://super-mro.com/san-pham/bo-kim-mo-phe-toptul-gta04170-4-chi-tiet.html,0
Bộ kìm,Kìm mở phe Toptul GTA04440 4 chi tiết,https://super-mro.com/san-pham/kim-mo-phe-toptul-gta04440-4-chi-tiet.html,0
Bộ kìm,Bộ kìm Toptul GVA0301 3 chi tiết,https://super-mro.com/san-pham/bo-kem-toptul-gva0301-3-chi-tiet.html,0
Bộ kìm,Bộ kìm Toptul GVA0405 4 chi tiết,https://super-mro.com/san-pham/bo-kem-toptul-gva0405-4-chi-tiet.html,0
Bộ kìm,Bộ kìm mở phe Toptul GVA0406 4 chi tiết,https://super-mro.com/san-pham/bo-kem-mo-phe-toptul-gva0406-4-chi-tiet.html,0
Bộ kìm,Bộ kìm Toptul GZA-0305 3 chi tiết,https://super-mro.com/san-pham/bo-kem-toptul-gza-0305-3-chi-tiet.html,0
Bộ kìm,Bộ kìm Toptul GZA-0406 4 chi tiết,https://super-mro.com/san-pham/bo-kem-toptul-gza-0406-4-chi-tiet.html,0
Bộ kìm,Bộ kìm Toptul GEA0306 3 chi tiết,https://super-mro.com/san-pham/bo-kem-toptul-gea0306-3-chi-tiet.html,0
Bộ kìm,Bộ kìm Toptul GEA0407 4 chi tiết,https://super-mro.com/san-pham/bo-kem-toptul-gea0407-4-chi-tiet.html,0
Bộ kìm,Bộ kìm Toptul GEA0408 4 chi tiết,https://super-mro.com/san-pham/bo-kem-toptul-gea0408-4-chi-tiet.html,0
Bộ kìm,Bộ kìm Toptul GM-03010 3 chi tiết,https://super-mro.com/san-pham/bo-kem-toptul-gm-03010-3-chi-tiet.html,0
Bộ kìm,"Bộ kìm phe 7"", 8"" Toptul GBAT0302 22 chi tiết",https://super-mro.com/san-pham/bo-kem-phe-7-8-toptul-gbat0302-22-chi-tiet.html,0
Bộ kìm,Bộ kìm mở phe Yato YT-39171 4 chi tiết 225mm,https://super-mro.com/san-pham/bo-kim-mo-phe-yato-yt-39171-4-chi-tiet-225mm.html,0
Bộ kìm,Bộ kìm chết Yato YT-39172 4 chi tiết,https://super-mro.com/san-pham/bo-kim-chet-yato-yt-39172-4-chi-tiet.html,0
Bộ kìm,Bộ kìm Yato YT-39606 3 chi tiết,https://super-mro.com/san-pham/bo-kim-yato-yt-39606-3-chi-tiet.html,0
Bộ kìm,Bộ kìm Yato YT-39607 3 chi tiết,https://super-mro.com/san-pham/bo-kim-yato-yt-39607-3-chi-tiet.html,0
Bộ kìm,Bộ kìm Yato YT-39608 3 chi tiết,https://super-mro.com/san-pham/bo-kim-yato-yt-39608-3-chi-tiet.html,0
Bộ kìm,Bộ kìm Yato YT-39609 3 chi tiết,https://super-mro.com/san-pham/bo-kim-yato-yt-39609-3-chi-tiet.html,0
Bộ kìm,Bộ kìm Yato YT-39610 3 chi tiết,https://super-mro.com/san-pham/bo-kim-yato-yt-39610-3-chi-tiet.html,0
Bộ kìm,Bộ kìm Yato YT-39611 3 chi tiết,https://super-mro.com/san-pham/bo-kim-yato-yt-39611-3-chi-tiet.html,0
Bộ kìm,Bộ kìm Yato YT-39612 3 chi tiết,https://super-mro.com/san-pham/bo-kim-yato-yt-39612-3-chi-tiet.html,0
Bộ kìm,Bộ kìm chết Yato YT-39613 3 chi tiết,https://super-mro.com/san-pham/bo-kim-chet-yato-yt-39613-3-chi-tiet.html,0
Bộ kìm,Bộ kìm chết Yato YT-39614 4 chi tiết,https://super-mro.com/san-pham/bo-kim-chet-yato-yt-39614-4-chi-tiet.html,0
Bộ kìm,Bộ kìm Yato YT-39615 4 chi tiết,https://super-mro.com/san-pham/bo-kim-yato-yt-39615-4-chi-tiet.html,0
Bộ kìm,Bộ kìm Yato YT-39616 4 chi tiết,https://super-mro.com/san-pham/bo-kim-yato-yt-39616-4-chi-tiet.html,0
Bộ kìm,Bộ kìm Yato YT-39617 4 chi tiết,https://super-mro.com/san-pham/bo-kim-yato-yt-39617-4-chi-tiet.html,0
Bộ kìm,Bộ kìm Yato YT-39618 4 chi tiết,https://super-mro.com/san-pham/bo-kim-yato-yt-39618-4-chi-tiet.html,0
Bộ kìm,Bộ kìm Yato YT-39619 4 chi tiết,https://super-mro.com/san-pham/bo-kim-yato-yt-39619-4-chi-tiet.html,0
