category_name,name,url,status
Kìm bấm cos,Kìm bấm đầu cos 16L ASAKI AK-9112,https://super-mro.com/san-pham/kim-bam-dau-cos-asaki-ak-9112.html,0
Kìm bấm cos,Kìm bấm đầu cos 38L ASAKI AK-9114,https://super-mro.com/san-pham/kim-bam-dau-cosse-38l-asaki-ak-9114.html,0
Kìm bấm cos,"Kìm bấm đầu cos tròn bọc nhựa ASAKI AK-9120 9""/225mm",https://super-mro.com/san-pham/kim-bam-dau-cos-tro-n-bo-c-nhu-a-0-5-6mm2-asaki-ak-9120-9.html,0
Kìm bấm cos,"Kìm bấm đầu cos tròn ASAKI AK-9121 9""/225mm",https://super-mro.com/san-pham/kim-bam-dau-cos-tro-n-0-5-10mm2-asaki-ak-9121-9.html,0
Kìm bấm cos,"Kìm bấm đầu cos ghim capa ASAKI AK-9122 9""/225mm",https://super-mro.com/san-pham/kim-bam-dau-cos-ghim-capa-0-15-6mm2-asaki-ak-9122-9.html,0
Kìm bấm cos,"Kìm bấm đầu cos pin ASAKI AK-9123 9""/225mm",https://super-mro.com/san-pham/kim-bam-dau-cos-pin-0-5-6mm2-asaki-ak-9123-9.html,0
Kìm bấm cos,"Kìm bấm đầu cos nối ASAKI AK-9124 9""/225mm",https://super-mro.com/san-pham/kim-bam-dau-cos-no-i-1-7-6-5mm2-asaki-ak-9124-9.html,0
Kìm bấm cos,"Kìm bấm đầu nối cáp đồng trục ASAKI AK-9125 9""",https://super-mro.com/san-pham/ki-m-ba-m-da-u-noi-cap-dong-truc-6-48-9-14mm2-asaki-ak-9125-9.html,0
Kìm bấm cos,"Kìm bấm đầu cos thẳng bọc nhựa ASAKI AK-9126 9""/225mm",https://super-mro.com/san-pham/kim-bam-dau-cos-thang-bo-c-nhu-a-0-5-6mm2-asaki-ak-9126-9.html,0
Kìm bấm cos,Kìm bấm đầu cos thủy lực ASAKI AK-0618 300mm2,https://super-mro.com/san-pham/kim-bam-dau-cos-thuy-luc-asaki-ak-0618-300mm2.html,0
Kìm bấm cos,Hộp kìm bấm cos STANLEY 84-253-22,https://super-mro.com/san-pham/hop-kim-bam-cos-stanley-84-253-22.html,0
Kìm bấm cos,Kìm bấm cos STANLEY 84-223-22 9'',https://super-mro.com/san-pham/kim-bam-cos-stanley-84-223-22-9.html,0
Kìm bấm cos,Kìm bấm đầu cos 6L Asaki AK-9110 0.5-6mm2,https://super-mro.com/san-pham/1b0328-kim-bam-dau-cos-6l-asaki-ak-9110-0-5-1-5-1-5-2-5-4-6mm2.html,0
Kìm bấm cos,Kìm bấm đầu cos 8L Asaki AK-9111 1.25-10mm2,https://super-mro.com/san-pham/1b0329-kim-bam-dau-cos-8l-asaki-ak-9111-1-25-1-5-2-0-2-5-5-5-6-0-8-0-10mm2.html,0
Kìm bấm cos,Kìm bấm đầu cos 25L Asaki AK-9113 5.5-25mm2,https://super-mro.com/san-pham/1b0330-kim-bam-dau-cos-25l-asaki-ak-9113-5-5-6-0-8-0-10-14-16-22-25mm2.html,0
Kìm bấm cos,Bộ kìm bấm cos 7 chi tiết KingTony 42107GX,https://super-mro.com/san-pham/1r403-bo-kim-bam-cos-7-chi-tiet-kingtony-42107gx.html,0
Kìm bấm cos,"Kìm bấm đầu nối cáp đồng trục Sata 91104 9-1/2""",https://super-mro.com/san-pham/kim-bam-dau-noi-cap-dong-truc-sata-91104-9-1-2-1-72-8-2mm2.html,0
Kìm bấm cos,Kìm bấm cos đa năng Toptul DIBB1009 9''/225mm,https://super-mro.com/san-pham/kem-bam-code-da-nang-9-toptul-dibb1009-9.html,0
Kìm bấm cos,Kìm bấm cos đa năng Toptul DIBB2009 9''/225mm,https://super-mro.com/san-pham/kem-bam-code-da-nang-9-toptul-dibb2009-9.html,0
Kìm bấm cos,Kìm bấm Cos Toptul DKAC2420 RJ-45,https://super-mro.com/san-pham/kem-bam-dau-day-cos-toptul-dkac2420-rj-45.html,0
Kìm bấm cos,Kìm bấm đầu cos Toptul DKBB2307 6.5''/170mm,https://super-mro.com/san-pham/kem-bam-dau-code-toptul-dkbb2307-6-5-170mm.html,0
Kìm bấm cos,Kìm bấm đầu cos Toptul DKBB2315 15''/380mm,https://super-mro.com/san-pham/kem-bam-dau-code-toptul-dkbb2315-15-380mm.html,0
Kìm bấm cos,Kìm bấm cos Toptul DKCA2222 0.5-6mm,https://super-mro.com/san-pham/kim-bam-code-toptul-dkca2222-0-5-6mm.html,0
Kìm bấm cos,Ngàm bấm đầu code hở Toptul DLAA0101 0.1-1mm2,https://super-mro.com/san-pham/ngam-bam-dau-code-ho-toptul-dlaa0101-0-1-1mm.html,0
Kìm bấm cos,Đầu kìm bấm cos Toptul DLAA0102,https://super-mro.com/san-pham/dau-kem-bam-code-toptul-dlaa0102.html,0
Kìm bấm cos,Ngàm bấm đầu code Toptul DLAA0401 0.1-4mm2,https://super-mro.com/san-pham/ngam-bam-dau-code-toptul-dlaa0401-0-1-4mm.html,0
Kìm bấm cos,Ngàm bấm đầu code cách điện Toptul DLAA0601 0.5-6mm2,https://super-mro.com/san-pham/ngam-bam-dau-code-cach-dien-toptul-dlaa0601-0-5-6mm.html,0
Kìm bấm cos,Ngàm bấm đầu code hở Toptul DLAA0602 0.5-6mm2,https://super-mro.com/san-pham/ngam-bam-dau-code-ho-toptul-dlaa0602-0-5-6mm.html,0
Kìm bấm cos,Ngàm bấm đầu code không cách điện Toptul DLAA1001 2-10mm2,https://super-mro.com/san-pham/ngam-bam-dau-code-khong-cach-dien-toptul-dlaa1001-2-10mm.html,0
Kìm bấm cos,"Ngàm bấm đầu code hở & D-Sub, V3.5 Toptul DLAA1002 2-10mm2",https://super-mro.com/san-pham/ngam-bam-dau-code-ho-d-sub-v3-5-toptul-dlaa1002-2-10mm.html,0
Kìm bấm cos,Ngàm bấm đầu code Toptul DLAA1601 6-16mm2,https://super-mro.com/san-pham/ngam-bam-dau-code-toptul-dlaa1601-6-16mm.html,0
Kìm bấm cos,Ngàm bấm đầu code Toptul DLAH2016 0.35-0.5/1.5mm2,https://super-mro.com/san-pham/ngam-bam-dau-code-toptul-dlah2016-0-35-0-5-1-5.html,0
Kìm bấm cos,Ngàm bấm đầu code Toptul DLAH3017 0.75/1.0mm2,https://super-mro.com/san-pham/ngam-bam-dau-code-toptul-dlah3017-0-75-1-0.html,0
Kìm bấm cos,Ngàm bấm đầu code Toptul DLAH6018 0.35/0.5-0.8mm2,https://super-mro.com/san-pham/ngam-bam-dau-code-toptul-dlah6018-0-35-0-5-0-8.html,0
Kìm bấm cos,Ngàm bấm đầu code Toptul DLAH7012 1.0-2.0/3.0mm2,https://super-mro.com/san-pham/ngam-bam-dau-code-toptul-dlah7012-1-0-2-0-3-0.html,0
Kìm bấm cos,Ngàm bấm đầu code Toptul DLAK1012 AWG 14/12,https://super-mro.com/san-pham/ngam-bam-dau-code-toptul-dlak1012-awg-14-12.html,0
Kìm bấm cos,Ngàm bấm đầu code Toptul DLAK2012 AWG 10/12,https://super-mro.com/san-pham/ngam-bam-dau-code-toptul-dlak2012-awg-10-12.html,0
Kìm bấm cos,Ngàm bấm đầu code Toptul DLAK3014 AWG 18/16/14,https://super-mro.com/san-pham/ngam-bam-dau-code-toptul-dlak3014-awg-18-16-14.html,0
Kìm bấm cos,Ngàm bấm đầu code Toptul DLAK4016 AWG 20/18/16,https://super-mro.com/san-pham/ngam-bam-dau-code-toptul-dlak4016-awg-20-18-16.html,0
Kìm bấm cos,Ngàm bấm đầu code Toptul DLAK5016 AWG 20/18-16,https://super-mro.com/san-pham/ngam-bam-dau-code-toptul-dlak5016-awg-20-18-16.html,0
Kìm bấm cos,Ngàm bấm đầu code Toptul DLAK6012 AWG 16/14/12,https://super-mro.com/san-pham/ngam-bam-dau-code-toptul-dlak6012-awg-16-14-12.html,0
Kìm bấm cos,"Bộ kìm bấm đầu Toptul GAAI0605 0,5-6,0mm",https://super-mro.com/san-pham/bo-kim-bam-dau-toptul-gaai0605-0-5-6-0mm.html,0
Kìm bấm cos,Bộ kềm bấm code Toptul GAAI0704 7 chi tiết,https://super-mro.com/san-pham/bo-kem-bam-code-toptul-gaai0704-7-chi-tiet.html,0
Kìm bấm cos,Mũi bấm cos tc300drg Makita A-69490 123-154mm,https://super-mro.com/san-pham/mui-bam-cos-tc300drg-makita-a-69490-123-154mm.html,0
Kìm bấm cos,Mũi bấm cos tc300drg Makita A-69509 155-190mm,https://super-mro.com/san-pham/mui-bam-cos-tc300drg-makita-a-69509-155-190mm.html,0
Kìm bấm cos,Mũi bấm cos tc300drg Makita A-69515 191-240mm,https://super-mro.com/san-pham/mui-bam-cos-tc300drg-makita-a-69515-191-240mm.html,0
Kìm bấm cos,Mũi bấm cos tc300drg Makita A-69440 27-44mm,https://super-mro.com/san-pham/mui-bam-cos-tc300drg-makita-a-69440-27-44mm.html,0
Kìm bấm cos,Mũi bấm cos tc300drg Makita A-69456 45-60mm,https://super-mro.com/san-pham/mui-bam-cos-tc300drg-makita-a-69456-45-60mm.html,0
Kìm bấm cos,Mũi bấm cos tc300drg Makita A-69462 61-76mm,https://super-mro.com/san-pham/mui-bam-cos-tc300drg-makita-a-69462-61-76mm.html,0
Kìm bấm cos,Mũi bấm cos tc300drg Makita A-69478 77-98mm,https://super-mro.com/san-pham/mui-bam-cos-tc300drg-makita-a-69478-77-98mm.html,0
Kìm bấm cos,Mũi bấm cos tc300drg Makita A-69484 99-122mm,https://super-mro.com/san-pham/mui-bam-cos-tc300drg-makita-a-69484-99-122mm.html,0
Kìm bấm cos,Mũi ép cos tc300drg Makita A-69272 38-70mm,https://super-mro.com/san-pham/mui-ep-cos-tc300drg-makita-a-69272-38-70mm.html,0
Kìm bấm cos,Mũi ép cos tc300drg Makita A-69288 80-150mm,https://super-mro.com/san-pham/mui-ep-cos-tc300drg-makita-a-69288-80-150mm.html,0
Kìm bấm cos,"Kềm bấm đầu cos SATA 91101 8""/204mm",https://super-mro.com/san-pham/kim-bam-dau-cos-sata-91101-8-204mm.html,0
Kìm bấm cos,"Kềm bấm đầu cable SATA 91102 8""/204mm",https://super-mro.com/san-pham/kim-bam-dau-cable-sata-91102-8-204mm.html,0
Kìm bấm cos,"Kềm bấm đầu cable SATA 91105 9""/240mm",https://super-mro.com/san-pham/kim-bam-dau-cable-sata-91105-9-240mm.html,0
Kìm bấm cos,Kìm bấm cos Kim Fasen HSC8-10SA,https://super-mro.com/san-pham/kim-bam-cos-kim-fasen-hsc8-10sa.html,0
Kìm bấm cos,Kìm bấm cốt Yato Yato YT-2272,https://super-mro.com/san-pham/kim-bam-cot-yato-yato-yt-2272.html,0
Kìm bấm cos,Kìm bấm cốt Yato YT-2300,https://super-mro.com/san-pham/kim-bam-cot-yato-yt-2300.html,0
Kìm bấm cos,Kềm bấm cos pin tủ điện Yato YT-2305,https://super-mro.com/san-pham/kem-bam-cos-pin-tu-dien-yato-yt-2305.html,0
Kìm bấm cos,Kìm bấm cốt dây mạng Yato YT-22422,https://super-mro.com/san-pham/kim-bam-cot-day-mang-yato-yt-22422.html,0
Kìm bấm cos,Kìm bấm cos mạng và điện thoại Yato YT-22443 RJ45 RJ10 RJ11,https://super-mro.com/san-pham/kim-bam-cos-mang-va-dien-thoai-yato-yt-22443-rj45-rj10-rj11.html,0
Kìm bấm cos,Kìm bấm cốt mạng Yato YT-2255,https://super-mro.com/san-pham/kim-bam-cot-mang-yato-yt-2255.html,0
Kìm bấm cos,Kìm bấm cốt kim Yato YT-2240,https://super-mro.com/san-pham/kim-bam-cot-kim-yato-yt-2240.html,0
Kìm bấm cos,Kìm bấm côt điện thoại Yato YT-2243,https://super-mro.com/san-pham/kim-bam-cot-dien-thoai-yato-yt-2243.html,0
Kìm bấm cos,Kìm bấm cos mạng và điện thoại Yato YT-22442 RJ45 RJ11,https://super-mro.com/san-pham/kim-bam-cos-mang-va-dien-thoai-yato-yt-22442-rj45-rj11.html,0
Kìm bấm cos,KÌm bấm cốt tròn Yato YT-2246,https://super-mro.com/san-pham/kim-bam-cot-tron-yato-yt-2246.html,0
Kìm bấm cos,Kìm bấm cốt mạng Yato YT-2248,https://super-mro.com/san-pham/kim-bam-cot-mang-yato-yt-2248.html,0
Kìm bấm cos,Kìm bấm cốt mạng Yato YT-2251,https://super-mro.com/san-pham/kim-bam-cot-mang-yato-yt-2251.html,0
Kìm bấm cos,Kìm bấm cốt Yato Yato YT-2271,https://super-mro.com/san-pham/kim-bam-cot-yato-yato-yt-2271.html,0
Kìm bấm cos,Kìm bấm cốt Yato Yato YT-2273,https://super-mro.com/san-pham/kim-bam-cot-yato-yato-yt-2273.html,0
Kìm bấm cos,Kìm tuốt cốt tự động Yato YT-2276 1-3.2mm2,https://super-mro.com/san-pham/kim-tuot-cot-tu-dong-yato-yt-2276-1-3-2mm2.html,0
Kìm bấm cos,Kìm bấm cốt Yato Yato YT-2284,https://super-mro.com/san-pham/kim-bam-cot-yato-yato-yt-2284.html,0
Kìm bấm cos,Kìm ép cốt thủy lực Yato YT-22861,https://super-mro.com/san-pham/kim-ep-cot-thuy-luc-yato-yt-22861.html,0
Kìm bấm cos,Kìm bấm cốt mạng Yato YT-2294,https://super-mro.com/san-pham/kim-bam-cot-mang-yato-yt-2294.html,0
Kìm bấm cos,Kìm bấm cốt Yato YT-2297,https://super-mro.com/san-pham/kim-bam-cot-yato-yt-2297.html,0
Kìm bấm cos,Bộ kìm bấm cốt đa năng Yato YT-2245,https://super-mro.com/san-pham/bo-kim-bam-cot-da-nang-yato-yt-2245.html,0
Kìm bấm cos,Kìm bấm cốt mạng Yato YT-2247,https://super-mro.com/san-pham/kim-bam-cot-mang-yato-yt-2247.html,0
Kìm bấm cos,Kìm bấm cốt mạng Yato YT-2250,https://super-mro.com/san-pham/kim-bam-cot-mang-yato-yt-2250.html,0
Kìm bấm cos,Kìm bấm đầu cốt Yato YT-2254 250mm,https://super-mro.com/san-pham/kim-bam-dau-cot-yato-yt-2254-250mm.html,0
Kìm bấm cos,Kìm bấm cốt mạng Yato YT-2256,https://super-mro.com/san-pham/kim-bam-cot-mang-yato-yt-2256.html,0
Kìm bấm cos,Kìm tuốt cos tự động Yato YT-22753,https://super-mro.com/san-pham/kim-tuot-cos-tu-dong-yato-yt-22753.html,0
Kìm bấm cos,Kìm tuốc tự động Yato YT-2277,https://super-mro.com/san-pham/kim-tuoc-tu-dong-yato-yt-2277.html,0
Kìm bấm cos,Kìm bóc tách vỏ dây cáp Yato YT-22810,https://super-mro.com/san-pham/kim-boc-tach-vo-day-cap-yato-yt-22810.html,0
Kìm bấm cos,Kìm bấm cốt Yato Yato YT-2285,https://super-mro.com/san-pham/kim-bam-cot-yato-yato-yt-2285.html,0
Kìm bấm cos,Bộ kìm bấm cốt thủy lực Yato YT-22862 16-300mm/18-20T,https://super-mro.com/san-pham/bo-kim-bam-cot-thuy-luc-yato-yt-22862-16-300mm-18-20t.html,0
Kìm bấm cos,Kìm bám cốt mạng Yato YT-2293,https://super-mro.com/san-pham/kim-bam-cot-mang-yato-yt-2293.html,0
Kìm bấm cos,Kìm bấm cốt mạng Yato YT-2295,https://super-mro.com/san-pham/kim-bam-cot-mang-yato-yt-2295.html,0
Kìm bấm cos,Kìm bấm cốt Yato YT-2299,https://super-mro.com/san-pham/kim-bam-cot-yato-yt-2299.html,0
Kìm bấm cos,Bộ kìm bấm cốt thủy lực Yato YT-22860 10-120mm/8T,https://super-mro.com/san-pham/bo-kim-bam-cot-thuy-luc-yato-yt-22860-10-120mm-8t.html,0
Kìm bấm cos,Kìm bấm cốt Yato YT-2296,https://super-mro.com/san-pham/kim-bam-cot-yato-yt-2296.html,0
Kìm bấm cos,Kìm bấm cốt Yato YT-2298,https://super-mro.com/san-pham/kim-bam-cot-yato-yt-2298.html,0
Kìm bấm cos,Kềm bấm cos pin tủ điện Yato YT-23051,https://super-mro.com/san-pham/kem-bam-cos-pin-tu-dien-yato-yt-23051.html,0
Kìm bấm cos,Kìm bấm cáp Yato YT-2307,https://super-mro.com/san-pham/kim-bam-cap-yato-yt-2307.html,0
Kìm bấm cos,Kìm bấm cốt mạng Yato YT-2244,https://super-mro.com/san-pham/kim-bam-cot-mang-yato-yt-2244.html,0
