category_name,name,url,status
Kìm càng cua,"Kìm càng cua đầu nhỏ Asaki AK-8307 9""",https://super-mro.com/san-pham/kim-cang-cua-dau-nho-asaki-ak-8307-9.html,0
Kìm càng cua,Kìm càng cua cán dày Mạ crom TOPTUL DJBA2206 6inch,https://super-mro.com/san-pham/kim-cang-cua-can-day-ma-crom-toptul-djba2206-6inch.html,0
Kìm càng cua,Kìm càng cua cán dày Mạ crom TOPTUL DJBA2208 8inch,https://super-mro.com/san-pham/kim-cang-cua-can-day-ma-crom-toptul-djba2208-8inch.html,0
Kìm càng cua,Kìm càng cua Stanley 84-282-23 10''/250mm,https://super-mro.com/san-pham/kim-cang-cua-stanley-84-282-23-10--250mm.html,0
Kìm càng cua,Kìm càng cua Stanley STHT84077-8 6''/150mm,https://super-mro.com/san-pham/kim-cang-cua-stanley-stht84077-8-6--150mm.html,0
Kìm càng cua,Kìm càng cua đầu lớn Asaki AK-8305 8''/200mm,https://super-mro.com/san-pham/u0232-kim-cang-cua-dau-lon-asaki-ak-8305-8inch-200mm.html,0
Kìm càng cua,Kìm càng cua Mạ crom TOPTUL DJAA1208 8inch,https://super-mro.com/san-pham/kim-cang-cua-ma-crom-toptul-djaa1208-8inch.html,0
Kìm càng cua,Kìm càng cua Mạ crom TOPTUL DJAA0110 10inch,https://super-mro.com/san-pham/kim-cang-cua-ma-crom-toptul-djaa0110-10inch.html,0
Kìm càng cua,"Kìm càng cua Kingtony 6431-10C (10""/254mm)",https://super-mro.com/san-pham/kim-cang-cua-king-tony-6431-10c-10-254mm.html,0
Kìm càng cua,Kìm càng cua STANLEY 84-281-S 8''/200mm,https://super-mro.com/san-pham/kim-cang-cua-stanley-84-281-s-8--200mm.html,0
Kìm càng cua,Kìm càng cua STANLEY STHT84167-8 8''/200mm,https://super-mro.com/san-pham/kim-cang-cua-stanley-stht84167-8-8--200mm.html,0
Kìm càng cua,Kìm càng cua Kingtony 6411-06 163mm,https://super-mro.com/san-pham/1r395-kim-cang-cua-kingtony-6411-06-163mm.html,0
Kìm càng cua,"Kìm thợ mộc C Toptul DOAA1208 8""/200mm",https://super-mro.com/san-pham/kim-tho-moc-c-8-toptul-doaa1208-8.html,0
Kìm càng cua,"Kìm càng cua Al-Cu Yato YT-68377 8""/200mm",https://super-mro.com/san-pham/kim-cang-cua-al-cu-yato-yt-68377-8-200mm.html,0
Kìm càng cua,"Kìm càng cua Al-Cu Yato YT-68375 7""/180mm",https://super-mro.com/san-pham/kim-cang-cua-al-cu-yato-yt-68375-7-180mm.html,0
Kìm càng cua,"Kìm Cắt Càng Cua Ngắn Yato YT-2050 6""",https://super-mro.com/san-pham/kim-cat-cang-cua-ngan-yato-yt-2050-6.html,0
Kìm càng cua,"Kìm Cắt Càng Cua Vừa Yato YT-2051 7""",https://super-mro.com/san-pham/kim-cat-cang-cua-vua-yato-yt-2051-7.html,0
Kìm càng cua,"Kìm Cắt Càng Cua Dài Yato YT-2052 8""",https://super-mro.com/san-pham/kim-cat-cang-cua-dai-yato-yt-2052-8.html,0
Kìm càng cua,"Kìm Cắt Càng Cua Dài Yato YT-2054 8""",https://super-mro.com/san-pham/kim-cat-cang-cua-dai-yato-yt-2054-8.html,0
Kìm càng cua,"Kìm Cắt Càng Cua Dài Yato YT-2055 9""",https://super-mro.com/san-pham/kim-cat-cang-cua-dai-yato-yt-2055-9.html,0
Kìm càng cua,"Kìm Cắt Càng Cua Dài Yato YT-2056 10""",https://super-mro.com/san-pham/kim-cat-cang-cua-dai-yato-yt-2056-10.html,0
Kìm càng cua,"Kìm Cắt Càng Cua Dài Yato YT-2057 11""",https://super-mro.com/san-pham/kim-cat-cang-cua-dai-yato-yt-2057-11.html,0
Kìm càng cua,"Kìm Cắt Càng Cua Yato YT-2062 6""",https://super-mro.com/san-pham/kim-cat-cang-cua-yato-yt-2062-6.html,0
Kìm càng cua,"Kìm Cắt Càng Cua Yato YT-2063 7""",https://super-mro.com/san-pham/kim-cat-cang-cua-yato-yt-2063-7.html,0
Kìm càng cua,"Kìm Cắt Càng Cua Yato YT-2064 8""",https://super-mro.com/san-pham/kim-cat-cang-cua-yato-yt-2064-8.html,0
