category_name,name,url,status
Kìm nhọn,"Kìm nhọn kiểu Mỹ Asaki AK-8036 6""/150mm",https://super-mro.com/san-pham/kim-nhon-kieu-my-asaki-ak-8036-6-150-mm.html,0
Kìm nhọn,"Kìm nhọn kiểu Mỹ Asaki AK-8048 6""/150mm",https://super-mro.com/san-pham/kim-nhon-kieu-my-asaki-ak-8048-6-150-mm.html,0
Kìm nhọn,"Kìm nhọn kiểu Mỹ Asaki AK-8093 6""/150mm",https://super-mro.com/san-pham/kim-nhon-kieu-my-asaki-ak-8093-6-150-mm.html,0
Kìm nhọn,"Kìm nhọn kiểu Đức Asaki AK-8105 6""/150mm",https://super-mro.com/san-pham/kim-nhon-kieu-duc-asaki-ak-8105-6-150-mm.html,0
Kìm nhọn,"Kìm nhọn mini Asaki AK-8294 5""/125mm",https://super-mro.com/san-pham/kim-nhon-mini-asaki-ak-8294-5-125mm.html,0
Kìm nhọn,"Kìm nhọn mini Asaki AK-8295 5""/125mm",https://super-mro.com/san-pham/kim-nhon-mini-asaki-ak-8295-5-125mm.html,0
Kìm nhọn,"Kìm nhọn Toptul DFAB2208B 8""/200mm",https://super-mro.com/san-pham/kim-nhon-toptul-dfab2208b-8inch.html,0
Kìm nhọn,"Kìm nhọn Stanley STHT84031-8 6""/150mm",https://super-mro.com/san-pham/kim-nhon-stanley-stht84031-8-6--150mm.html,0
Kìm nhọn,"Kìm nhọn mỏ cong Stanley STHT84072-8 8""/200mm",https://super-mro.com/san-pham/kim-nhon-mo-cong-stanley-stht84072-8-8--200mm.html,0
Kìm nhọn,"Kìm nhọn Kingtony 6318-08A 8""/200mm",https://super-mro.com/san-pham/kim-nhon-king-tony-6318-08a-8--210-mm.html,0
Kìm nhọn,"Kìm nhọn Kingtony 6311-06 6.5""/165mm",https://super-mro.com/san-pham/kim-nhon-king-tony-6311-06-6-164-mm.html,0
Kìm nhọn,"Kìm nhọn cao cấp kiểu Đức Asaki AK-8003 6""/150mm",https://super-mro.com/san-pham/u0142-kim-nhon-cao-cap-kieu-duc-asaki-ak-8003-6inch-150mm.html,0
Kìm nhọn,"Kìm nhọn cao cấp kiểu Đức Asaki AK-8005 8.5""/215mm",https://super-mro.com/san-pham/u0143-kim-nhon-cao-cap-kieu-duc-asaki-ak-8005-8-5inch-215mm.html,0
Kìm nhọn,"Kìm nhọn cao cấp kiểu Mỹ Asaki AK-8038 8""/200mm",https://super-mro.com/san-pham/u0152-kim-nhon-cao-cap-kieu-my-asaki-ak-8038-8inch-200mm.html,0
Kìm nhọn,"Kìm nhọn cán đen kiểu Mỹ Asaki AK-8050 8""/200mm",https://super-mro.com/san-pham/u0157-kim-nhon-can-den-kieu-my-asaki-ak-8050-8inch-200mm.html,0
Kìm nhọn,"Kìm nhọn kiểu Mỹ Asaki AK-8095 8""/200mm",https://super-mro.com/san-pham/u0162-kim-nhon-kieu-my-asaki-ak-8095-8inch-200mm.html,0
Kìm nhọn,"Kìm nhọn kiểu Đức Asaki AK-8107 8""/200mm",https://super-mro.com/san-pham/u0167-kim-nhon-kieu-duc-asaki-ak-8107-8inch-200mm.html,0
Kìm nhọn,"Kìm nhọn mini (có răng trong) Asaki AK-8293 5""/125mm",https://super-mro.com/san-pham/u0169-kim-nhon-mini-co-rang-trong-asaki-ak-8293-5inch-125mm.html,0
Kìm nhọn,"Kìm nhọn Stanley STHT84032-8 8""/200mm",https://super-mro.com/san-pham/kim-nhon-stanley-stht84032-8-8--200mm.html,0
Kìm nhọn,Kìm nhọn STANLEY 84-047 5''/125 mm Kìm nh,https://super-mro.com/san-pham/kim-nhon-stanley-84-047-5--125-mm-kim-nh.html,0
Kìm nhọn,"Kìm nhọn mỏ cong Stanley STHT84126-8 5""/125mm",https://super-mro.com/san-pham/kim-nhon-mo-cong-stanley-stht84126-8-5--125mm.html,0
Kìm nhọn,"Kìm nhọn cán đen Stanley STHT84119-8 5""/125mm",https://super-mro.com/san-pham/kim-nhon-can-den-stanley-stht84119-8-5--125mm.html,0
Kìm nhọn,"Kìm nhọn mỏ dài Stanley STHT84096-8 5""/127mm",https://super-mro.com/san-pham/kim-nhon-mo-dai-stanley-stht84096-8-5--127mm.html,0
Kìm nhọn,"Kìm nhọn mỏ cong Stanley STHT84071-8 6""/150mm",https://super-mro.com/san-pham/kim-nhon-mo-cong-stanley-stht84071-8-6--150mm.html,0
Kìm nhọn,"Kìm nhọn mỏ cong chuyên dùng Stanley 84-008 8""/200mm cách điện 1000V",https://super-mro.com/san-pham/kim-nhon-mo-cong-chuyen-dung-stanley-84-008-8--200mm-cach-dien-1000v.html,0
Kìm nhọn,"Kìm nhọn chuyên dùng Stanley 84-007 8""/200mm cách điện 1000V",https://super-mro.com/san-pham/kim-nhon-chuyen-dung-stanley-84-007-8--200mm-cach-dien-1000v.html,0
Kìm nhọn,"Kìm nhọn chuyên dùng Stanley 84-006 7""/175mm cách điện 1000V",https://super-mro.com/san-pham/kim-nhon-chuyen-dung-stanley-84-006-7--180mm-cach-dien-1000v.html,0
Kìm nhọn,"Kìm nhọn Kingtony 6313-06 6.5""/165mm",https://super-mro.com/san-pham/kim-nhon-king-tony-6313-06-6-164-mm.html,0
Kìm nhọn,"Kìm nhọn Kingtony 6311-08 8""/200mm",https://super-mro.com/san-pham/kim-nhon-king-tony-6311-08-8-200-mm.html,0
Kìm nhọn,"Kìm gắp dài mỏ thẳng Toptul DFAG1211 11""/275mm",https://super-mro.com/san-pham/kim-gap-dai-mo--tha-ng-toptul-dfag1211-11-275mm.html,0
Kìm nhọn,"Kìm gắp dài mỏ cong 45 độ Toptul DFAH1211 11""/275mm",https://super-mro.com/san-pham/kim-gap-dai-mo-cong-45-do-toptul-dfah1211-11-275mm.html,0
Kìm nhọn,"Kìm nhọn Stanley STHT84073-8 6""/150mm",https://super-mro.com/san-pham/kim-nhon-stanley-stht84073-8-6--150mm.html,0
Kìm nhọn,"Kìm mũi nhọn mỏ cong STANLEY 84-054-S 6""/150mm",https://super-mro.com/san-pham/kim-mui-nhon-mo-cong-stanley-84-054-s-6--150mm.html,0
Kìm nhọn,"Kìm mũi dài Toptul DFAB2206B 8""/200mm",https://super-mro.com/san-pham/kim-mui-dai-toptul-dfab2206b-8.html,0
Kìm nhọn,"Kìm nhọn mỏ bằng cán dày Toptul DFBC2206 6""/150mm",https://super-mro.com/san-pham/ki-m-nho-n-mo-bang-can-day-ma-crom-toptul-dfbc2206-6.html,0
Kìm nhọn,"Kìm nhọn mỏ dài cán dày Toptul DFBB2206 6""/150mm",https://super-mro.com/san-pham/ki-m-nho-n-mo-dai-can-day-ma-crom-toptul-dfbb2206-6.html,0
Kìm nhọn,"Kìm nhọn mỏ cong cán dày Toptul DFBA2206 6""/150mm",https://super-mro.com/san-pham/ki-m-nho-n-mo--cong-can-day-ma-crom-toptul-dfba2206-6.html,0
Kìm nhọn,"Kìm nhọn mỏ dài cán dày Toptul DFBB2208 8""/200mm",https://super-mro.com/san-pham/ki-m-nho-n-mo-dai-can-day-ma-crom-toptul-dfbb2208-8.html,0
Kìm nhọn,"Kìm nhọn mỏ cong cán dày Toptul DFBA2208 8""/200mm",https://super-mro.com/san-pham/ki-m-nho-n-mo--cong-can-day-ma-crom-toptul-dfba2208-8.html,0
Kìm nhọn,"Kìm gắp dài mỏ cong 90 độ Toptul DFAI1211 11""/275mm",https://super-mro.com/san-pham/kim-gap-dai-mo-cong-90-do-toptul-dfai1211-11-275mm.html,0
Kìm nhọn,"Kìm mũi phẳng Sata 75121 6""/150mm",https://super-mro.com/san-pham/kem-mui-phang-sata-75121-6-150mm.html,0
Kìm nhọn,"Kìm nhọn cán dày Sata 70101A 6""/150mm",https://super-mro.com/san-pham/kim-nhon-can-day-sata-70101a-6.html,0
Kìm nhọn,"Kìm nhọn cán dày Sata 70102A 8""/200mm",https://super-mro.com/san-pham/kim-nhon-can-day-sata-70102a-8.html,0
Kìm nhọn,"Kìm nhọn chuyên dùng cách điện 1000V Sata 70131 6""/150mm",https://super-mro.com/san-pham/kem-nhon-chuyen-dung-cach-dien-1000v-sata-70131-6-150mm.html,0
Kìm nhọn,"Kìm nhọn chuyên dùng cách điện 1000V Sata 70132 8""/200mm",https://super-mro.com/san-pham/kem-nhon-chuyen-dung-cach-dien-1000v-sata-70132-8-200mm.html,0
Kìm nhọn,"Kìm nhọn mũi cong Sata 70613A 5""/125mm",https://super-mro.com/san-pham/kem-mui-cong-sata-70613a-5-125mm.html,0
Kìm nhọn,"Kìm nhọn đa năng cao cấp Asaki AK-8131 9""/225mm",https://super-mro.com/san-pham/kim-nhon-da-nang-cao-cap-asaki-ak-8131-9-225mm.html,0
Kìm nhọn,"Kìm lỗ gắp dài Toptul DFAD1211 11""/275mm",https://super-mro.com/san-pham/kem-lo-gap-dai-11-toptul-dfad1211-11.html,0
Kìm nhọn,"Kìm mũi vòng dài cong Toptul DFAE1211 11""/275mm",https://super-mro.com/san-pham/kem-mui-vong-dai-cong-toptul-dfae1211-11.html,0
Kìm nhọn,"Kìm mũi vòng dài cong Toptul DFAF1211 11""/275mm",https://super-mro.com/san-pham/kem-mui-vong-dai-cong-toptul-dfaf1211-11.html,0
Kìm nhọn,"Kìm mũi dài 6""/150mm Toptul DFAL2206B 6""/150mm",https://super-mro.com/san-pham/kim-mui-dai-6-toptul-dfal2206b-6.html,0
Kìm nhọn,"Kìm mũi dài Toptul DFBE228E 8-1/2""/215mm",https://super-mro.com/san-pham/kim-mui-dai-toptul-dfbe228e-8-1-2.html,0
Kìm nhọn,"Kìm mỏ nhọn Toptul DFCC2206 6""/150mm",https://super-mro.com/san-pham/kem-mo-nhon-toptul-dfcc2206-6.html,0
Kìm nhọn,"Kìm nhọn thiết bị điện Toptul DFCJ2206 6""/150mm",https://super-mro.com/san-pham/kem-nhon-thiet-bi-dien-toptul-dfcj2206-6.html,0
Kìm nhọn,"Kìm mỏ cong Toptul DFCK2206 6""/150mm",https://super-mro.com/san-pham/kem-mo-cong-toptul-dfck2206-6.html,0
Kìm nhọn,"Kìm mỏ nhọn Toptul DFCN2206 6""/150mm",https://super-mro.com/san-pham/kem-mo-nhon-toptul-dfcn2206-6.html,0
Kìm nhọn,"Kìm mũi nhọn Toptul DGCB2206 6""/150mm",https://super-mro.com/san-pham/kem-mui-nhon-toptul-dgcb2206-6.html,0
Kìm nhọn,"Kìm mũi nhọn Toptul DGCB2208 8""/200mm",https://super-mro.com/san-pham/kem-mui-nhon-toptul-dgcb2208-8.html,0
Kìm nhọn,"Kìm mũi dài cách điện 1000V Toptul DGBB2106 6""/150mm",https://super-mro.com/san-pham/kim-mui-dai-cach-dien-1000v-toptul-dgbb2106-6.html,0
Kìm nhọn,"Kìm mũi dài cách điện 1000V Toptul DGBB2108 8""/200mm",https://super-mro.com/san-pham/kim-mui-dai-cach-dien-1000v-toptul-dgbb2108-8.html,0
Kìm nhọn,"Kìm mũi nhọn Sata 05511 6""/160mm",https://super-mro.com/san-pham/kim-mui-nhon-sata-05511-6-160mm.html,0
Kìm nhọn,"Kìm Mỏ Nhọn Yato YT-1955 5""",https://super-mro.com/san-pham/kim-mo-nhon-6-yato-yt-1955.html,0
Kìm nhọn,"Kìm mũi dẹt 8"" Al-Cu Yato YT-68361 200mm",https://super-mro.com/san-pham/kim-mui-det-8-al-cu-yato-yt-68361-200mm.html,0
Kìm nhọn,"Kìm mũi dài 8"" Al-Cu Yato YT-68363 200mm",https://super-mro.com/san-pham/kim-mui-dai-8-al-cu-yato-yt-68363-200mm.html,0
Kìm nhọn,"Kìm mũi dẹt 6"" Al-Cu Yato YT-68360 150mm",https://super-mro.com/san-pham/kim-mui-det-6-al-cu-yato-yt-68360-150mm.html,0
Kìm nhọn,"Kìm mũi cong 6"" Al-Cu Yato YT-68367 150mm",https://super-mro.com/san-pham/kim-mui-cong-6-al-cu-yato-yt-68367-150mm.html,0
Kìm nhọn,"Kìm mũi dài 6"" Al-Cu Yato YT-68362 150mm",https://super-mro.com/san-pham/kim-mui-dai-6-al-cu-yato-yt-68362-150mm.html,0
Kìm nhọn,"Kìm mũi nhọn cao cấp Yato YT-6586 6""",https://super-mro.com/san-pham/kim-mui-nhon-cao-cap-yato-yt-6586-6.html,0
Kìm nhọn,"Kìm mỏ nhọn Yato YT-1943 6""",https://super-mro.com/san-pham/kim-mo-nhon-yato-yt-1943-6.html,0
Kìm nhọn,"Kìm mỏ nhọn Yato YT-1944 8""",https://super-mro.com/san-pham/kim-mo-nhon-yato-yt-1944-8.html,0
Kìm nhọn,"Kìm mỏ cong Yato YT-1945 6""",https://super-mro.com/san-pham/kim-mo-cong-yato-yt-1945-6.html,0
Kìm nhọn,"Kìm mỏ cong Yato YT-1946 8""",https://super-mro.com/san-pham/kim-mo-cong-yato-yt-1946-8.html,0
Kìm nhọn,"Kìm Mỏ Nhọn Yato YT-1956 6""",https://super-mro.com/san-pham/kim-mo-nhon-yato-yt-1956-6.html,0
Kìm nhọn,Kìm mũi nhọn dài Yato YT-20400 340mm,https://super-mro.com/san-pham/kim-mui-nhon-dai-yato-yt-20400-340mm.html,0
Kìm nhọn,Kìm mũi cong Yato YT-20401 45 độ dài 330mm,https://super-mro.com/san-pham/kim-mui-cong-yato-yt-20401-45-do-dai-330mm.html,0
Kìm nhọn,Kìm mũi cong Yato YT-20402 90 độ dài 330mm,https://super-mro.com/san-pham/kim-mui-cong-yato-yt-20402-90-do-dai-330mm.html,0
Kìm nhọn,"Kìm mũi nhọn Yato Yato YT-6603 6"" (160mm)",https://super-mro.com/san-pham/kim-mui-nhon-yato-yato-yt-6603-6-160mm.html,0
Kìm nhọn,"Kìm mũi nhọn cong Yato YT-6605 6"" (160mm)",https://super-mro.com/san-pham/kim-mui-nhon-cong-yato-yt-6605-6-160mm.html,0
Kìm nhọn,"Kìm nhọn mũi cong Yato YT-6606 8"" (200mm)",https://super-mro.com/san-pham/kim-nhon-mui-cong-yato-yt-6606-8-200mm.html,0
Kìm nhọn,Kìm mũi nhọn mini Yato YT-6617 115mm,https://super-mro.com/san-pham/kim-mui-nhon-mini-yato-yt-6617-115mm.html,0
Kìm nhọn,"Kìm Mũi Nhọn Kiểu Nhật Hệ Inch Yato YT-6625 6""",https://super-mro.com/san-pham/kim-mui-nhon-kieu-nhat-he-inch-yato-yt-6625-6.html,0
Kìm nhọn,"Kìm mũi nhọn cao cấp Yato YT-6587 8""",https://super-mro.com/san-pham/kim-mui-nhon-cao-cap-yato-yt-6587-8.html,0
Kìm nhọn,"Kìm Mũi Nhọn Kiểu Nhật Hệ Inch Yato YT-6624 8""",https://super-mro.com/san-pham/kim-mui-nhon-kieu-nhat-he-inch-yato-yt-6624-8.html,0
Kìm nhọn,"Kìm mũi nhọn Yato Yato YT-6604 8"" (200mm)",https://super-mro.com/san-pham/kim-mui-nhon-yato-yato-yt-6604-8-200mm.html,0
Kìm nhọn,"Kìm mũi nhọn dẹp Yato YT-6607 6"" (160mm)",https://super-mro.com/san-pham/kim-mui-nhon-dep-yato-yt-6607-6-160mm.html,0
Kìm nhọn,Kìm nhọn mũi dẹp mini Yato YT-6618 115mm,https://super-mro.com/san-pham/kim-nhon-mui-dep-mini-yato-yt-6618-115mm.html,0
Kìm nhọn,"Kìm Mũi Nhọn Kiểu Nhật Hệ Inch Yato YT-6623 6""",https://super-mro.com/san-pham/kim-mui-nhon-kieu-nhat-he-inch-yato-yt-6623-6.html,0
Kìm nhọn,"Kìm Mũi Nhọn Kiểu Nhật Hệ Inch Yato YT-6626 6""",https://super-mro.com/san-pham/kim-mui-nhon-kieu-nhat-he-inch-yato-yt-6626-6.html,0
Kìm nhọn,Kìm nhọn mini Yato YT-6616 115mm,https://super-mro.com/san-pham/kim-nhon-mini-yato-yt-6616-115mm.html,0
Kìm nhọn,"Kìm mũi bằng Be-Cu Yato YT-65360 6""/150mm",https://super-mro.com/san-pham/kim-mui-bang-be-cu-yato-yt-65360-6-150mm.html,0
Kìm nhọn,"Kìm mũi dài Be-Cu Yato YT-65362 6""/150mm",https://super-mro.com/san-pham/kim-mui-dai-be-cu-yato-yt-65362-6-150mm.html,0
Kìm nhọn,"Kìm mũi bằng Be-Cu Yato YT-65361 8""/200mm",https://super-mro.com/san-pham/kim-mui-bang-be-cu-yato-yt-65361-8-200mm.html,0
Kìm nhọn,"Kìm mũi dài Be-Cu Yato YT-65363 8""/200mm",https://super-mro.com/san-pham/kim-mui-dai-be-cu-yato-yt-65363-8-200mm.html,0
Kìm nhọn,"Kìm nhọn mỏ cong Stanley 84-049 5"" 125mm",https://super-mro.com/san-pham/kim-nhon-mo-cong-stanley-84-049-5-125mm.html,0
