category_name,name,url,status
Sơn,Sơn mạ kẽm lạnh Silver Zinc Compound SM (SM5002 NURICHEM thùng 4 L),https://super-mro.com/san-pham/son-ma-kem-lanh-silver-zinc-compound-sm-sm5002-nurichem-thung-4-l.html,0
Sơn,Sơn phun (sơn xịt) ATM A300,https://super-mro.com/san-pham/son-phun-son-xit-atm-a300.html,0
Sơn,Sơn xịt TV A241 - 400ml - màu trắng,https://super-mro.com/san-pham/son-xit-tv-a241-400ml-mau-trang.html,0
Sơn,Sơn xịt ATM màu trắng,https://super-mro.com/san-pham/son-xit-atm-mau-trang.html,0
Sơn,Sơn xịt màu xanh A242 ( xanh blue),https://super-mro.com/san-pham/son-xit-mau-xanh-a242-xanh-blue.html,0
Sơn,Sơn Bannoh 500 grey,https://super-mro.com/san-pham/son-bannoh-500-grey.html,0
Sơn,Sơn Bannoh 500 red brown,https://super-mro.com/san-pham/son-bannoh-500-red-brown.html,0
Sơn,Sơn dung môi GTA 220,https://super-mro.com/san-pham/son-dung-moi-gta-220.html,0
Sơn,Sơn dung môi Jotun Thinner 07 20L,https://super-mro.com/san-pham/son-dung-moi-jotun-thinner-07-20l.html,0
Sơn,Sơn dung môi Jotun Thinner 23 20L,https://super-mro.com/san-pham/son-dung-moi-jotun-thinner-23-20l.html,0
Sơn,Sơn Epicon Primer HB Brown-15L,https://super-mro.com/san-pham/son-epicon-primer-hb-brown-15l.html,0
Sơn,Sơn Epicon Primer HB Reddish Brown-15L,https://super-mro.com/san-pham/son-epicon-primer-hb-reddish-brown-15l.html,0
Sơn,Sơn Epicon Zinc HB-2 Grey Base,https://super-mro.com/san-pham/son-epicon-zinc-hb-2-grey-base.html,0
Sơn,"Sơn Epoxy HR Light Grey 18,8L",https://super-mro.com/san-pham/son-epoxy-hr-light-grey-18-8l.html,0
Sơn,Sơn Fluorex finish K09-30F,https://super-mro.com/san-pham/son-fluorex-finish-k09-30f.html,0
Sơn,Sơn Fluorex FN 10YR2/1,https://super-mro.com/san-pham/son-fluorex-fn-10yr2-1.html,0
Sơn,Sơn Fluorex Undercoat EP Grey N3.5,https://super-mro.com/san-pham/son-fluorex-undercoat-ep-grey-n3-5.html,0
Sơn,Sơn Fluorex Undercoat Ep Grey N7.5-15L,https://super-mro.com/san-pham/son-fluorex-undercoat-ep-grey-n7-5-15l.html,0
Sơn,Sơn Fluorex Undercoat EP Light grey,https://super-mro.com/san-pham/son-fluorex-undercoat-ep-light-grey.html,0
Sơn,Sơn Futura Classic Ral 6019,https://super-mro.com/san-pham/son-futura-classic-ral-6019.html,0
Sơn,Sơn Galbon S-HB 100,https://super-mro.com/san-pham/son-galbon-s-hb-100.html,0
Sơn,Sơn Galbon S-HB PZ-L1,https://super-mro.com/san-pham/son-galbon-s-hb-pz-l1.html,0
Sơn,Sơn Hardtop XP 13591,https://super-mro.com/san-pham/son-hardtop-xp-13591.html,0
Sơn,Sơn Interline 850 Grey (Part A),https://super-mro.com/san-pham/son-interline-850-grey-part-a.html,0
Sơn,Sơn Interseal 670 HS Black,https://super-mro.com/san-pham/son-interseal-670-hs-black.html,0
Sơn,Sơn Interthane 990 Black,https://super-mro.com/san-pham/son-interthane-990-black.html,0
Sơn,Sơn Interthane 990 Ral 6016,https://super-mro.com/san-pham/son-interthane-990-ral-6016.html,0
Sơn,Sơn Interthane 990 Ral 9010,https://super-mro.com/san-pham/son-interthane-990-ral-9010.html,0
Sơn,Sơn Intertherm 50,https://super-mro.com/san-pham/son-intertherm-50.html,0
Sơn,Sơn Penguard FC Ral 9002,https://super-mro.com/san-pham/son-penguard-fc-ral-9002.html,0
Sơn,Sơn Solvalitt Aluminium,https://super-mro.com/san-pham/son-solvalitt-aluminium.html,0
Sơn,Sơn Solvalitt Midthemrm Ral 7038 4.52L,https://super-mro.com/san-pham/son-solvalitt-midthemrm-ral-7038-4-52l.html,0
Sơn,Sơn Solvalitt Midtherm Red,https://super-mro.com/san-pham/son-solvalitt-midtherm-red.html,0
Sơn,Sơn Umeguard SX Grey,https://super-mro.com/san-pham/son-umeguard-sx-grey.html,0
Sơn,Sơn Umeguard SX Grey KN-85,https://super-mro.com/san-pham/son-umeguard-sx-grey-kn-85.html,0
Sơn,Sơn công nghiệp Jotamastic 90 RAL 1003 20l/cặp,https://super-mro.com/san-pham/jotamastic-90-ral-1003-20l-cap.html,0
Sơn,Bình xịt mạ kẽm,https://super-mro.com/san-pham/binh-xit-ma-kem.html,0
Sơn,Sơn Xịt ATM (Màu thường),https://super-mro.com/san-pham/son-xit-atm-mau-thuong.html,0
Sơn,Sơn Xịt ATM (Màu đặc biệt),https://super-mro.com/san-pham/son-xit-atm-mau-dac-biet.html,0
