category_name,name,url,status
Đầu chuyển khẩu,"Đầu chuyển Toptul KACA1216 Chịu va đập 3/8""x1/2""x33mm",https://super-mro.com/san-pham/dau-chuyen-toptul-kaca1216-chiu-va-dap-3-8-x1-2-x33mm.html,0
Đầu chuyển khẩu,"Đầu chuyển Toptul CAEA1624 Mạ crom bóng 3/4""x1/2""x51mm",https://super-mro.com/san-pham/dau-chuyen-toptul-caea1624-ma-crom-bong-3-4-x1-2-x51mm.html,0
Đầu chuyển khẩu,"Đầu chuyển Toptul CAEA2416 Mạ crom bóng 1/2""x3/4""x57mm",https://super-mro.com/san-pham/dau-chuyen-toptul-caea2416-ma-crom-bong-1-2-x3-4-x57mm.html,0
Đầu chuyển khẩu,"Đầu chuyển Toptul KACA1624 Chịu va đập 1/2""x3/4""x44mm",https://super-mro.com/san-pham/dau-chuyen-toptul-kaca1624-chiu-va-dap-1-2-x3-4-x44mm.html,0
Đầu chuyển khẩu,"Đầu chuyển Toptul KACA2416 Chịu va đập 3/4""x1/2""x58mm",https://super-mro.com/san-pham/dau-chuyen-toptul-kaca2416-chiu-va-dap-3-4-x1-2-x58mm.html,0
Đầu chuyển khẩu,"Đầu chuyển Toptul KACA2432 Chịu va đập 3/4""x1""x58mm",https://super-mro.com/san-pham/dau-chuyen-toptul-kaca2432-chiu-va-dap-3-4-x1-x58mm.html,0
Đầu chuyển khẩu,"Đầu chuyển Toptul KACA3224 Chịu va đập 1""x3/4""x70mm",https://super-mro.com/san-pham/dau-chuyen-toptul-kaca3224-chiu-va-dap-1-x3-4-x70mm.html,0
Đầu chuyển khẩu,"Đầu chuyển đa năng Toptul KACU2410 Chịu va đập 3/4""x95mm",https://super-mro.com/san-pham/dau-chuyen-da-nang-toptul-kacu2410-chiu-va-dap-3-4-x95mm.html,0
Đầu chuyển khẩu,"Đầu chuyển đa năng Toptul KACU3212 Chịu va đập 1""x114mm",https://super-mro.com/san-pham/dau-chuyen-da-nang-toptul-kacu3212-chiu-va-dap-1-x114mm.html,0
Đầu chuyển khẩu,Đầu chuyển 3/8'' 1/2'' STANLEY STMT86215-8B,https://super-mro.com/san-pham/dau-chuyen-3-8--1-2--stanley-stmt86215-8b.html,0
Đầu chuyển khẩu,"Đầu chuyển Toptul CAEA1208 Mạ crom bóng 1/2""x3/8""x25mm",https://super-mro.com/san-pham/dau-chuyen-toptul-caea1208-ma-crom-bong-1-2-x3-8-x25mm.html,0
Đầu chuyển khẩu,"Đầu chuyển Toptul CAEA0812 Mạ crom bóng 3/8""x1/4""x26mm",https://super-mro.com/san-pham/dau-chuyen-toptul-caea0812-ma-crom-bong-3-8-x1-4-x26mm.html,0
Đầu chuyển khẩu,"Đầu chuyển Toptul CAEA1216 Mạ crom bóng 1/2""x3/8""x36mm",https://super-mro.com/san-pham/dau-chuyen-toptul-caea1216-ma-crom-bong-1-2-x3-8-x36mm.html,0
Đầu chuyển khẩu,"Đầu chuyển Toptul CAEA1612 Mạ crom bóng 3/8""x1/2""x36mm",https://super-mro.com/san-pham/dau-chuyen-toptul-caea1612-ma-crom-bong-3-8-x1-2-x36mm.html,0
Đầu chuyển khẩu,"Đầu chuyển 3/8"" đen Kinh Tony 3862P",https://super-mro.com/san-pham/dau-chuyen-3-8-den-king-tony-3862p.html,0
Đầu chuyển khẩu,"Đầu chuyển 3/8"" đen Kinh Tony 3864P",https://super-mro.com/san-pham/dau-chuyen-3-8-den-king-tony-3864p.html,0
Đầu chuyển khẩu,"Đầu chuyển 1/2"" Kingtony 4863P",https://super-mro.com/san-pham/dau-chuyen-1-2-king-tony-4863p.html,0
Đầu chuyển khẩu,"Đầu chuyển 3/4"" Kingtony 6864P",https://super-mro.com/san-pham/dau-chuyen-3-4-king-tony-6864p.html,0
Đầu chuyển khẩu,"Đầu chuyển 3/4"" Kingtony 6874P",https://super-mro.com/san-pham/dau-chuyen-3-4-king-tony-6874p.html,0
Đầu chuyển khẩu,"Đầu chuyển 3/4"" Kingtony 6868P",https://super-mro.com/san-pham/dau-chuyen-3-4-king-tony-6868p.html,0
Đầu chuyển khẩu,Đầu chuyển khẩu Kingtony 2813 1/4''x3/8'',https://super-mro.com/san-pham/1m670-dau-chuyen-khau-kingtony-2813-1-4inchx3-8inch.html,0
Đầu chuyển khẩu,Đầu chuyển 3/8'' trắng Kingtony 3812,https://super-mro.com/san-pham/1m671-dau-chuyen-3-8inch-trang-kingtony-3812.html,0
Đầu chuyển khẩu,Đầu chuyển 3/8'' trắng Kingtony 3814,https://super-mro.com/san-pham/hvw47-dau-chuyen-3-8inch-trang-kingtony-3814.html,0
Đầu chuyển khẩu,Đầu chuyển 1/2'' Kingtony 4813,https://super-mro.com/san-pham/1m673-dau-chuyen-1-2inch-kingtony-4813.html,0
Đầu chuyển khẩu,Đầu chuyển 1/2'' Kingtony 4816,https://super-mro.com/san-pham/1m674-dau-chuyen-1-2inch-kingtony-4816.html,0
Đầu chuyển khẩu,Đầu chuyển 3/4'' Kingtony 6814,https://super-mro.com/san-pham/1m675-dau-chuyen-3-4inch-kingtony-6814.html,0
Đầu chuyển khẩu,Đầu chuyển 3/4'' Kingtony 6818,https://super-mro.com/san-pham/1m676-dau-chuyen-3-4inch-kingtony-6818.html,0
Đầu chuyển khẩu,Đầu chuyển khẩu Kingtony 8816 1''x3/4'' Trắng,https://super-mro.com/san-pham/1m677-dau-chuyen-khau-kingtony-8816-1inchx3-4inch-trang.html,0
Đầu chuyển khẩu,Đầu chuyển 1/2'' Kingtony 4866,https://super-mro.com/san-pham/1p132-dau-chuyen-1-2inch-kingtony-4866.html,0
Đầu chuyển khẩu,Đầu chuyển 1'' ra 3/4'' Kingtony 8866P,https://super-mro.com/san-pham/hwd10-dau-chuyen-1inch-ra-3-4inch-kingtony-8866p.html,0
Đầu chuyển khẩu,Đầu chuyển khẩu Kingtony 8869P 1''x1-1/2'',https://super-mro.com/san-pham/1p137-dau-chuyen-khau-kingtony-8869p-1inchx1-1-2inch.html,0
Đầu chuyển khẩu,Đầu chuyển Kingtony 9868P,https://super-mro.com/san-pham/1r150-dau-chuyen-kingtony-9868p.html,0
Đầu chuyển khẩu,Đầu chuyển Kingtony 223504M 1/4'',https://super-mro.com/san-pham/1r667-dau-chuyen-kingtony-223504m-1-4inch.html,0
Đầu chuyển khẩu,"Đầu chuyển 3 chiều 1/2"" Sata 13930 1/2"" x 3/8""",https://super-mro.com/san-pham/dau-chuyen-3-chieu-1-2-sata-13930-1-2-x-3-8.html,0
Đầu chuyển khẩu,"Đầu chuyển đổi 1/2"" Sata 12912 1/2"" x 3/8""",https://super-mro.com/san-pham/dàu-chuyẻn-doi-1-2-sata-12912-1-2-x-3-8.html,0
Đầu chuyển khẩu,"Đầu chuyển đổi Sata 12913 3/8""F x 1/4""M thép crom",https://super-mro.com/san-pham/dau-chuyen-doi-sata-12913-3-8f-x-1-4m-thep-crom.html,0
Đầu chuyển khẩu,"Đầu chuyển đổi Sata 12914 3/8""F x 1/2""M thép crom",https://super-mro.com/san-pham/dau-chuyen-doi-sata-12914-3-8f-x-1-2m-thep-crom.html,0
Đầu chuyển khẩu,"Đầu chuyển Toptul CAEB0812 1/4""(F) x3/8""(M)",https://super-mro.com/san-pham/dau-chuyen-toptul-caeb0812-1-4-f-x3-8-m.html,0
Đầu chuyển khẩu,"Đầu chuyển Toptul CAEB1208 3/8""(F) x1/4""(M)",https://super-mro.com/san-pham/dau-chuyen-toptul-caeb1208-3-8-f-x1-4-m.html,0
Đầu chuyển khẩu,"Đầu chuyển Toptul CAEB1612 1/2""(F) x3/8""(M)",https://super-mro.com/san-pham/dau-chuyen-toptul-caeb1612-1-2-f-x3-8-m.html,0
Đầu chuyển khẩu,"Cục nối Toptul CAED1612 đèn LED 1/2""(F) x 3/8""(M)",https://super-mro.com/san-pham/cuc-noi-toptul-caed1612-den-led-1-2-f-x-3-8-m.html,0
Đầu chuyển khẩu,"Bộ tuýp đầu chuyển TOPTUL CAED1616 đèn LED 1/2""(F) x 1/2""(M)",https://super-mro.com/san-pham/bo-tuyp-dau-chuyen-toptul-caed1616-den-led-1-2-f-x-1-2-m.html,0
Đầu chuyển khẩu,Đầu chuyển Toptul CAEE0820 1/4''x20mm,https://super-mro.com/san-pham/dau-chuyen-toptul-caee0820-1-4x20mm.html,0
Đầu chuyển khẩu,"Đầu chuyển 3 chiều Toptul CAGA1208 3/8""(F) x1/4""(M) x 8.8mm",https://super-mro.com/san-pham/dau-chuyen-3-chieu-toptul-caga1208-3-8-f-x1-4-m-x-8-8mm.html,0
Đầu chuyển khẩu,"Đầu chuyển 3 chiều Toptul CAGA1216 3/8""(F) x1/2""(M) x 17.2mm",https://super-mro.com/san-pham/dau-chuyen-3-chieu-toptul-caga1216-3-8-f-x1-2-m-x-17-2mm.html,0
Đầu chuyển khẩu,"Đầu chuyển 3 chiều Toptul CAGA1612 1/2""(F) x3/8""(M) x 12.7mm",https://super-mro.com/san-pham/dau-chuyen-3-chieu-toptul-caga1612-1-2-f-x3-8-m-x-12-7mm.html,0
Đầu chuyển khẩu,"Đầu chuyển 3 chiều Toptul CAGA3232 1""(F) x 1""(M) x 34mm",https://super-mro.com/san-pham/dau-chuyen-3-chieu-toptul-caga3232-1-f-x-1-m-x-34mm.html,0
Đầu chuyển khẩu,"Đầu nối Tuýp nối tự động 3/8"" Toptul CAQA1255 3/8""x56mm",https://super-mro.com/san-pham/dau-noi-tuyp-noi-tu-dong-3-8-toptul-caqa1255-3-8x56mm.html,0
Đầu chuyển khẩu,Đầu Nối Tuýp Nối Tự Động Toptul CAQA1660 1/2'',https://super-mro.com/san-pham/dau-noi-tuyp-noi-tu-dong-toptul-caqa1660-1-2.html,0
Đầu chuyển khẩu,"Đầu Tuýp nối tuốc nơ vít tự động 1/4"" Toptul CAUA0808",https://super-mro.com/san-pham/dau-tuyp-noi-tua-vit-tu-dong-1-4-toptul-caua0808.html,0
Đầu chuyển khẩu,Đầu vặn tuýp Toptul CAUB0826 D(mm): 31.5x L(mm): 25.5,https://super-mro.com/san-pham/dau-van-tuyp-toptul-caub0826-d-mm-31-5x-l-mm-25-5.html,0
Đầu chuyển khẩu,Đầu vặn tuýp Toptul CAUB1229 D(mm): 31.5x L(mm): 28.5,https://super-mro.com/san-pham/dau-van-tuyp-toptul-caub1229-d-mm-31-5x-l-mm-28-5.html,0
Đầu chuyển khẩu,Đầu vặn tuýp Toptul CAUB1633 D(mm): 31.5x L(mm):32.5,https://super-mro.com/san-pham/dau-van-tuyp-toptul-caub1633-d-mm-31-5x-l-mm-32-5.html,0
Đầu chuyển khẩu,"Đầu chuyển lục giác 1/4"" Toptul FPKA0808 1/4"" x 1/4""",https://super-mro.com/san-pham/dau-chuyen-luc-giac-1-4-toptul-fpka0808-1-4-x-1-4.html,0
Đầu chuyển khẩu,"Đầu chuyển lục giác 3/8"" Toptul FPKA0812 3/8"" x 1/4""",https://super-mro.com/san-pham/dau-chuyen-luc-giac-3-8-toptul-fpka0812-3-8-x-1-4.html,0
Đầu chuyển khẩu,"Đầu chuyển lục giác 1/2"" Toptul FPKA0816 1/4"" x 1/4""",https://super-mro.com/san-pham/dau-chuyen-luc-giac-1-2-toptul-fpka0816-1-4-x-1-4.html,0
Đầu chuyển khẩu,"Đầu chuyển lục giác 1/4 inch Toptul FPKA0808G 1/4"" x 1/4""",https://super-mro.com/san-pham/dau-chuyen-luc-giac-1-4-inch-toptul-vi-toptul-fpka0808g-1-4-x-1-4.html,0
Đầu chuyển khẩu,"Đầu chuyển lục giác 1/4 inch Toptul FPKA0812G 1/4"" x 3/8""",https://super-mro.com/san-pham/dau-chuyen-luc-giac-1-4-inch-toptul-vi-toptul-fpka0812g-1-4-x-3-8.html,0
Đầu chuyển khẩu,Đầu chuyển lục giác 1/4 inch Toptul FPKA0816G 1/4''x1/2'',https://super-mro.com/san-pham/dau-chuyen-luc-giac-1-4-inch-toptul-vi-toptul-fpka0816g-1-4x1-2.html,0
Đầu chuyển khẩu,"Đầu chuyển lục giác vuông 1/4"" Toptul FTAB0808 1/4""",https://super-mro.com/san-pham/dau-chuyen-luc-giac-vuong-1-4-toptul-ftab0808-1-4.html,0
Đầu chuyển khẩu,"Đầu nối 1/4"" đầu lục giác 10mm Toptul FTAB0810 1/4"" F x 10mm M",https://super-mro.com/san-pham/dau-noi-1-4-dau-luc-giac-10mm-toptul-ftab0810-1-4-f-x-10mm-m.html,0
Đầu chuyển khẩu,"Đầu chuyển lục giác vuông 3/8"" Toptul FTAB1208 1/4""",https://super-mro.com/san-pham/dau-chuyen-luc-giac-vuong-3-8-toptul-ftab1208-1-4.html,0
Đầu chuyển khẩu,"Đầu chuyển lục giác vuông 3/8"" Toptul FTAB1210 5/16""",https://super-mro.com/san-pham/dau-chuyen-luc-giac-vuong-3-8-toptul-ftab1210-5-16.html,0
Đầu chuyển khẩu,"Đầu chuyển lục giác vuông 3/8"" Toptul FTAB1212 10mm",https://super-mro.com/san-pham/dau-chuyen-luc-giac-vuong-3-8-toptul-ftab1212-10mm.html,0
Đầu chuyển khẩu,"Đầu chuyển lục giác vuông 1/2"" Toptul FTAB1610 5/16""",https://super-mro.com/san-pham/dau-chuyen-luc-giac-vuong-1-2-toptul-ftab1610-5-16.html,0
Đầu chuyển khẩu,"Đầu chuyển lục giác vuông 1/2"" Toptul FTAB1612 10mm",https://super-mro.com/san-pham/dau-chuyen-luc-giac-vuong-1-2-toptul-ftab1612-10mm.html,0
Đầu chuyển khẩu,"Súng bắn vít Toptul FTGC0808 1/4""",https://super-mro.com/san-pham/sung-ban-vit-toptul-ftgc0808-1-4.html,0
Đầu chuyển khẩu,"Bộ tuýp mở Bugi xông 3/8"" Toptul JGAI0301 3 chi tiết",https://super-mro.com/san-pham/bo-tuyp-mo-bugi-xong-3-8-toptul-jgai0301-3-chi-tiet.html,0
Đầu chuyển khẩu,Bộ tuýp tháo cảm biến xe hơi Toptul JGAI0701,https://super-mro.com/san-pham/bo-tuyp-thao-cam-bien-xe-hoi-toptul-jgai0701.html,0
Đầu chuyển khẩu,Bộ tuýp mở ốc chốt bánh xe Toptul JGAI0802 8 chi tiết,https://super-mro.com/san-pham/bo-tuyp-mo-oc-chot-banh-xe-toptul-jgai0802-8-chi-tiet.html,0
Đầu chuyển khẩu,Đầu tuýp mở bu lông Toptul JGAR0303 14.5 x 5mm03'',https://super-mro.com/san-pham/dau-tuyp-mo-bu-long-toptul-jgar0303-14-5-x-5mm03.html,0
Đầu chuyển khẩu,"Tuýp đen lục giác 1/2"" Toptul KABA1633 34mm",https://super-mro.com/san-pham/tuyp-den-luc-giac-1-2-toptul-kaba1633-34mm.html,0
Đầu chuyển khẩu,"Tuýp đen lục giác 1/2"" Toptul KABA1634 34mm",https://super-mro.com/san-pham/tuyp-den-luc-giac-1-2-toptul-kaba1634-34mm.html,0
Đầu chuyển khẩu,"Tuýp đen lục giác 1/2"" Toptul KABA1636 36mm",https://super-mro.com/san-pham/tuyp-den-luc-giac-1-2-toptul-kaba1636-36mm.html,0
Đầu chuyển khẩu,"Tuýp đen lục giác 1/2"" Toptul KABA1638 38mm",https://super-mro.com/san-pham/tuyp-den-luc-giac-1-2-toptul-kaba1638-38mm.html,0
Đầu chuyển khẩu,"Tuýp đen lục giác 1/2"" Toptul KABA1641 41mm",https://super-mro.com/san-pham/tuyp-den-luc-giac-1-2-toptul-kaba1641-41mm.html,0
Đầu chuyển khẩu,"Tuýp đen lục giác 1"" Toptul KABA3219 19mm",https://super-mro.com/san-pham/tuyp-den-luc-giac-1-toptul-kaba3219-19mm.html,0
Đầu chuyển khẩu,"Tuýp đen lục giác 1"" Toptul KABA3221 21mm",https://super-mro.com/san-pham/tuyp-den-luc-giac-1-toptul-kaba3221-21mm.html,0
Đầu chuyển khẩu,"Tuýp đen lục giác 1"" Toptul KABA3225 25mm",https://super-mro.com/san-pham/tuyp-den-luc-giac-1-toptul-kaba3225-25mm.html,0
Đầu chuyển khẩu,"Tuýp đen lục giác 1"" Toptul KABA3228 28mm",https://super-mro.com/san-pham/tuyp-den-luc-giac-1-toptul-kaba3228-28mm.html,0
Đầu chuyển khẩu,"Tuýp đen lục giác 1"" Toptul KABA3242 42mm",https://super-mro.com/san-pham/tuyp-den-luc-giac-1-toptul-kaba3242-42mm.html,0
Đầu chuyển khẩu,"Tuýp đen lục giác 1"" Toptul KABA3252 52mm",https://super-mro.com/san-pham/tuyp-den-luc-giac-1-toptul-kaba3252-52mm.html,0
Đầu chuyển khẩu,"Tuýp đen lục giác 1"" Toptul KABA3258 58mm",https://super-mro.com/san-pham/tuyp-den-luc-giac-1-toptul-kaba3258-58mm.html,0
Đầu chuyển khẩu,"Tuýp đen lục giác 1"" Toptul KABA3263 63mm",https://super-mro.com/san-pham/tuyp-den-luc-giac-1-toptul-kaba3263-63mm.html,0
Đầu chuyển khẩu,"Tuýp đen lục giác 1"" Toptul KABA3275 75mm",https://super-mro.com/san-pham/tuyp-den-luc-giac-1-toptul-kaba3275-75mm.html,0
Đầu chuyển khẩu,"Tuýp đen lục giác 1"" Toptul KABA3280 80mm",https://super-mro.com/san-pham/tuyp-den-luc-giac-1-toptul-kaba3280-80mm.html,0
Đầu chuyển khẩu,"Tuýp đen lục giác 1"" Toptul KABA3285 85mm",https://super-mro.com/san-pham/tuyp-den-luc-giac-1-toptul-kaba3285-85mm.html,0
Đầu chuyển khẩu,"Tuýp đen lục giác 1"" Toptul KABA3290 90mm",https://super-mro.com/san-pham/tuyp-den-luc-giac-1-toptul-kaba3290-90mm.html,0
Đầu chuyển khẩu,"Tuýp đen lục giác 1"" Toptul KABA3295 95mm",https://super-mro.com/san-pham/tuyp-den-luc-giac-1-toptul-kaba3295-95mm.html,0
Đầu chuyển khẩu,"Tuýp đen lục giác 1-1/2"" Toptul KABA4841 41mm",https://super-mro.com/san-pham/tuyp-den-luc-giac-1-1-2-toptul-kaba4841-41mm.html,0
Đầu chuyển khẩu,"Tuýp đen lục giác 1-1/2"" Toptul KABA4846 46mm",https://super-mro.com/san-pham/tuyp-den-luc-giac-1-1-2-toptul-kaba4846-46mm.html,0
Đầu chuyển khẩu,"Tuýp đen lục giác 1-1/2"" Toptul KABA4850 50mm",https://super-mro.com/san-pham/tuyp-den-luc-giac-1-1-2-toptul-kaba4850-50mm.html,0
Đầu chuyển khẩu,"Tuýp đen lục giác 1-1/2"" Toptul KABA4855 55mm",https://super-mro.com/san-pham/tuyp-den-luc-giac-1-1-2-toptul-kaba4855-55mm.html,0
Đầu chuyển khẩu,"Tuýp đen lục giác 1-1/2"" Toptul KABA4860 60mm",https://super-mro.com/san-pham/tuyp-den-luc-giac-1-1-2-toptul-kaba4860-60mm.html,0
Đầu chuyển khẩu,"Tuýp đen lục giác 1-1/2"" Toptul KABA4865 65mm",https://super-mro.com/san-pham/tuyp-den-luc-giac-1-1-2-toptul-kaba4865-65mm.html,0
Đầu chuyển khẩu,"Tuýp đen lục giác 1-1/2"" Toptul KABA4870 70mm",https://super-mro.com/san-pham/tuyp-den-luc-giac-1-1-2-toptul-kaba4870-70mm.html,0
Đầu chuyển khẩu,"Tuýp đen lục giác 1-1/2"" Toptul KABA4875 75mm",https://super-mro.com/san-pham/tuyp-den-luc-giac-1-1-2-toptul-kaba4875-75mm.html,0
Đầu chuyển khẩu,"Tuýp đen lục giác 1-1/2"" Toptul KABA4880 80mm",https://super-mro.com/san-pham/tuyp-den-luc-giac-1-1-2-toptul-kaba4880-80mm.html,0
Đầu chuyển khẩu,"Tuýp đen lục giác 1-1/2"" Toptul KABA4885 85mm",https://super-mro.com/san-pham/tuyp-den-luc-giac-1-1-2-toptul-kaba4885-85mm.html,0
Đầu chuyển khẩu,"Tuýp đen lục giác 1-1/2"" Toptul KABA4890 90mm",https://super-mro.com/san-pham/tuyp-den-luc-giac-1-1-2-toptul-kaba4890-90mm.html,0
Đầu chuyển khẩu,"Tuýp đen lục giác 1-1/2"" Toptul KABA4895 95mm",https://super-mro.com/san-pham/tuyp-den-luc-giac-1-1-2-toptul-kaba4895-95mm.html,0
Đầu chuyển khẩu,"Tuýp đen lục giác 1-1/2"" Toptul KAB::13Ý13::0 100mm",https://super-mro.com/san-pham/tuyp-den-luc-giac-1-1-2-toptul-kaba48a0-100mm.html,0
Đầu chuyển khẩu,"Tuýp đen lục giác 1-1/2"" Toptul KAB::13Ý13::5 105mm",https://super-mro.com/san-pham/tuyp-den-luc-giac-1-1-2-toptul-kaba48a5-105mm.html,0
Đầu chuyển khẩu,"Tuýp đen lục giác 1-1/2"" Toptul KABA48B0 110mm",https://super-mro.com/san-pham/tuyp-den-luc-giac-1-1-2-toptul-kaba48b0-110mm.html,0
Đầu chuyển khẩu,"Tuýp đen lục giác 1-1/2"" Toptul KABA48B5 115mm",https://super-mro.com/san-pham/tuyp-den-luc-giac-1-1-2-toptul-kaba48b5-115mm.html,0
Đầu chuyển khẩu,"Tuýp đen lục giác 1-1/2"" Toptul KABA48C0 120mm",https://super-mro.com/san-pham/tuyp-den-luc-giac-1-1-2-toptul-kaba48c0-120mm.html,0
Đầu chuyển khẩu,Đầu tuýp bugi đen Toptul KABE1633 33mm,https://super-mro.com/san-pham/dau-tuyp-bugi-den-toptul-kabe1633-33mm.html,0
Đầu chuyển khẩu,Đầu tuýp bugi đen 1/2'' Toptul KABE1634 34mm,https://super-mro.com/san-pham/dau-tuyp-bugi-den-1-2-toptul-kabe1634-34mm.html,0
Đầu chuyển khẩu,Đầu tuýp bugi đen 1/2'' Toptul KABE1636 36mm,https://super-mro.com/san-pham/dau-tuyp-bugi-den-1-2-toptul-kabe1636-36mm.html,0
Đầu chuyển khẩu,Đầu tuýp bugi đen 1/2'' Toptul KABE1638 38mm,https://super-mro.com/san-pham/dau-tuyp-bugi-den-1-2-toptul-kabe1638-38mm.html,0
Đầu chuyển khẩu,Đầu tuýp bugi đen 1/2'' Toptul KABE1641 41mm,https://super-mro.com/san-pham/dau-tuyp-bugi-den-1-2-toptul-kabe1641-41mm.html,0
Đầu chuyển khẩu,"Tuýp sao dài đen 1/2"" Toptul KABJ1630 30mm",https://super-mro.com/san-pham/tuyp-sao-dai-den-1-2-toptul-kabj1630-30mm.html,0
Đầu chuyển khẩu,"Tuýp sao dài đen 1/2"" Toptul KABJ1632 32mm",https://super-mro.com/san-pham/tuyp-sao-dai-den-1-2-toptul-kabj1632-32mm.html,0
Đầu chuyển khẩu,"Tuýp sao dài đen 1/2"" Toptul KABJ1636 36mm",https://super-mro.com/san-pham/tuyp-sao-dai-den-1-2-toptul-kabj1636-36mm.html,0
Đầu chuyển khẩu,"Tuýp sao đen 1/2"" Toptul KABK1610 E10",https://super-mro.com/san-pham/tuyp-sao-den-1-2-toptul-kabk1610-e10.html,0
Đầu chuyển khẩu,"Tuýp sao đen 1/2"" Toptul KABK1612 E12",https://super-mro.com/san-pham/tuyp-sao-den-1-2-toptul-kabk1612-e12.html,0
Đầu chuyển khẩu,"Tuýp sao đen 1/2"" Toptul KABK1614 E14",https://super-mro.com/san-pham/tuyp-sao-den-1-2-toptul-kabk1614-e14.html,0
Đầu chuyển khẩu,"Tuýp sao đen 1/2"" Toptul KABK1616 E16",https://super-mro.com/san-pham/tuyp-sao-den-1-2-toptul-kabk1616-e16.html,0
Đầu chuyển khẩu,"Tuýp sao đen 1/2"" Toptul KABK1618 E18",https://super-mro.com/san-pham/tuyp-sao-den-1-2-toptul-kabk1618-e18.html,0
Đầu chuyển khẩu,"Tuýp sao đen 1/2"" Toptul KABK1620 E20",https://super-mro.com/san-pham/tuyp-sao-den-1-2-toptul-kabk1620-e20.html,0
Đầu chuyển khẩu,"Tuýp sao đen 1/2"" Toptul KABK1624 E24",https://super-mro.com/san-pham/tuyp-sao-den-1-2-toptul-kabk1624-e24.html,0
Đầu chuyển khẩu,"Bộ đầu tuýp dài 1/2"" Toptul KABL series 17, 19, 21mm",https://super-mro.com/san-pham/bo-dau-tuyp-dai-1-2-toptul-kabl-series-17-19-21mm.html,0
Đầu chuyển khẩu,"Tuýp lục giác lam dài 1/2"" Toptul KABL1617 17mm",https://super-mro.com/san-pham/tuyp-luc-giac-dai-1-2-toptul-kabl1617-17mm.html,0
Đầu chuyển khẩu,"Tuýp lục giác lục dài 1/2"" Toptul KABL1619 19mm",https://super-mro.com/san-pham/tuyp-luc-giac-dai-1-2-toptul-kabl1619-19mm.html,0
Đầu chuyển khẩu,"Tuýp lục giác đỏ dài 1/2"" Toptul KABL1621 21mm",https://super-mro.com/san-pham/tuyp-luc-giac-dai-1-2-toptul-kabl1621-21mm.html,0
Đầu chuyển khẩu,Tuýp đen 1'' Toptul KABM3217 17mm,https://super-mro.com/san-pham/tuyp-den-1-toptul-kabm3217-17mm.html,0
Đầu chuyển khẩu,Tuýp đen 1'' Toptul KABM3219 19mm,https://super-mro.com/san-pham/tuyp-den-1-toptul-kabm3219-19mm.html,0
Đầu chuyển khẩu,Tuýp đen 1'' Toptul KABM3221 19mm,https://super-mro.com/san-pham/tuyp-den-1-toptul-kabm3221-19mm.html,0
Đầu chuyển khẩu,"Đầu tuýp tím 1/2"" Toptul KABP1615 15mm",https://super-mro.com/san-pham/dau-tuyp-1-2-toptul-kabp1615-15mm.html,0
Đầu chuyển khẩu,"Đầu tuýp lam 1/2"" Toptul KABP1617 17mm",https://super-mro.com/san-pham/dau-tuyp-1-2-toptul-kabp1617-17mm.html,0
Đầu chuyển khẩu,"Đầu tuýp vàng 1/2"" Toptul KABP1619 19mm",https://super-mro.com/san-pham/dau-tuyp-1-2-toptul-kabp1619-19mm.html,0
Đầu chuyển khẩu,"Đầu tuýp đỏ 1/2"" Toptul KABP1621 21mm",https://super-mro.com/san-pham/dau-tuyp-1-2-toptul-kabp1621-21mm.html,0
Đầu chuyển khẩu,"Đầu tuýp lục 1/2"" Toptul KABP1622 22mm",https://super-mro.com/san-pham/dau-tuyp-1-2-toptul-kabp1622-22mm.html,0
Đầu chuyển khẩu,"Đầu tuýp 1/2"" cho Mercedes-Benz Toptul KABQ1617 17mm",https://super-mro.com/san-pham/dau-tuyp-1-2-cho-mercedes-benz-toptul-kabq1617-17mm.html,0
Đầu chuyển khẩu,"Đầu chuyển 3/8"" Toptul KACA1208 3/8""(F) (đầu đực) x 1/4""(M)",https://super-mro.com/san-pham/dau-chuyen-3-8-toptul-kaca1208-3-8-f-dau-duc-x-1-4-m.html,0
Đầu chuyển khẩu,"Đầu chuyển 3/8"" Toptul KACA1612 1/2"" (đầu đực) x 3/8"" (đầu cái)",https://super-mro.com/san-pham/dau-chuyen-3-8-toptul-kaca1612-1-2-dau-duc-x-3-8-dau-cai.html,0
Đầu chuyển khẩu,"Đầu chuyển 1-1/2"" Toptul KACA4832 1-1/2"" (đầu đực) x 1"" (đầu cái)",https://super-mro.com/san-pham/dau-chuyen-1-1-2-toptul-kaca4832-1-1-2-dau-duc-x-1-dau-cai.html,0
Đầu chuyển khẩu,"Tuýp lục giác đen 1/2"" Toptul KBBA1610 5/6""",https://super-mro.com/san-pham/tuyp-luc-giac-den-1-2-toptul-kbba1610-5-6.html,0
Đầu chuyển khẩu,"Tuýp lục giác đen 1/2"" Toptul KBBA1612 3/8""",https://super-mro.com/san-pham/tuyp-luc-giac-den-1-2-toptul-kbba1612-3-8.html,0
Đầu chuyển khẩu,"Tuýp lục giác đen 1/2"" Toptul KBBA1614 7/16""",https://super-mro.com/san-pham/tuyp-luc-giac-den-1-2-toptul-kbba1614-7-16.html,0
Đầu chuyển khẩu,"Tuýp lục giác đen 1/2"" Toptul KBBA1616 1/2""",https://super-mro.com/san-pham/tuyp-luc-giac-den-1-2-toptul-kbba1616-1-2.html,0
Đầu chuyển khẩu,"Tuýp lục giác đen 1/2"" Toptul KBBA1618 9/16""",https://super-mro.com/san-pham/tuyp-luc-giac-den-1-2-toptul-kbba1618-9-16.html,0
Đầu chuyển khẩu,"Tuýp lục giác đen 1/2"" Toptul KBBA1620 5/8""",https://super-mro.com/san-pham/tuyp-luc-giac-den-1-2-toptul-kbba1620-5-8.html,0
Đầu chuyển khẩu,"Tuýp lục giác đen 1/2"" Toptul KBBA1622 11/16""",https://super-mro.com/san-pham/tuyp-luc-giac-den-1-2-toptul-kbba1622-11-16.html,0
Đầu chuyển khẩu,"Tuýp lục giác đen 1/2"" Toptul KBBA1624 3/4""",https://super-mro.com/san-pham/tuyp-luc-giac-den-1-2-toptul-kbba1624-3-4.html,0
Đầu chuyển khẩu,"Tuýp lục giác đen 1/2"" Toptul KBBA1626 13/16""",https://super-mro.com/san-pham/tuyp-luc-giac-den-1-2-toptul-kbba1626-13-16.html,0
Đầu chuyển khẩu,"Tuýp lục giác đen 1/2"" Toptul KBBA1628 7/8""",https://super-mro.com/san-pham/tuyp-luc-giac-den-1-2-toptul-kbba1628-7-8.html,0
Đầu chuyển khẩu,"Tuýp lục giác đen 1/2"" Toptul KBBA1630 15/16""",https://super-mro.com/san-pham/tuyp-luc-giac-den-1-2-toptul-kbba1630-15-16.html,0
Đầu chuyển khẩu,"Tuýp lục giác đen 1/2"" Toptul KBBA1632 1""",https://super-mro.com/san-pham/tuyp-luc-giac-den-1-2-toptul-kbba1632-1.html,0
Đầu chuyển khẩu,"Tuýp lục giác đen 1/2"" Toptul KBBA1634 1-1/16""",https://super-mro.com/san-pham/tuyp-luc-giac-den-1-2-toptul-kbba1634-1-1-16.html,0
Đầu chuyển khẩu,"Tuýp lục giác đen 1/2"" Toptul KBBA1636 1-1/8""",https://super-mro.com/san-pham/tuyp-luc-giac-den-1-2-toptul-kbba1636-1-1-8.html,0
Đầu chuyển khẩu,"Tuýp lục giác đen 1/2"" Toptul KBBA1638 1-3/16""",https://super-mro.com/san-pham/tuyp-luc-giac-den-1-2-toptul-kbba1638-1-3-16.html,0
Đầu chuyển khẩu,"Tuýp lục giác đen 1/2"" Toptul KBBA1640 1-1/4""",https://super-mro.com/san-pham/tuyp-luc-giac-den-1-2-toptul-kbba1640-1-1-4.html,0
Đầu chuyển khẩu,Tuýp lục giác 1/2'' Toptul KBBC1626 22 mm,https://super-mro.com/san-pham/tuyp-luc-giac-1-2-toptul-kbbc1626-22-mm.html,0
Đầu chuyển khẩu,"Tuýp đen dài lục giác 1/2"" Toptul KBBE1610 5/16""",https://super-mro.com/san-pham/tuyp-den-dai-luc-giac-1-2-toptul-kbbe1610-5-16.html,0
Đầu chuyển khẩu,"Tuýp đen dài lục giác 1/2"" Toptul KBBE1612 3/8""",https://super-mro.com/san-pham/tuyp-den-dai-luc-giac-1-2-toptul-kbbe1612-3-8.html,0
Đầu chuyển khẩu,"Tuýp đen dài lục giác 1/2"" Toptul KBBE1614 7/16""",https://super-mro.com/san-pham/tuyp-den-dai-luc-giac-1-2-toptul-kbbe1614-7-16.html,0
Đầu chuyển khẩu,"Tuýp đen dài lục giác 1/2"" Toptul KBBE1616 1/2""",https://super-mro.com/san-pham/tuyp-den-dai-luc-giac-1-2-toptul-kbbe1616-1-2.html,0
Đầu chuyển khẩu,"Tuýp đen dài lục giác 1/2"" Toptul KBBE1618 9/16""",https://super-mro.com/san-pham/tuyp-den-dai-luc-giac-1-2-toptul-kbbe1618-9-16.html,0
Đầu chuyển khẩu,"Tuýp đen dài lục giác 1/2"" Toptul KBBE1620 5/8""",https://super-mro.com/san-pham/tuyp-den-dai-luc-giac-1-2-toptul-kbbe1620-5-8.html,0
Đầu chuyển khẩu,"Tuýp đen dài lục giác 1/2"" Toptul KBBE1622 11/16""",https://super-mro.com/san-pham/tuyp-den-dai-luc-giac-1-2-toptul-kbbe1622-11-16.html,0
Đầu chuyển khẩu,"Tuýp đen dài lục giác 1/2"" Toptul KBBE1624 3/4""",https://super-mro.com/san-pham/tuyp-den-dai-luc-giac-1-2-toptul-kbbe1624-3-4.html,0
Đầu chuyển khẩu,"Tuýp đen dài lục giác 1/2"" Toptul KBBE1626 13/16""",https://super-mro.com/san-pham/tuyp-den-dai-luc-giac-1-2-toptul-kbbe1626-13-16.html,0
Đầu chuyển khẩu,"Tuýp đen dài lục giác 1/2"" Toptul KBBE1628 7/8""",https://super-mro.com/san-pham/tuyp-den-dai-luc-giac-1-2-toptul-kbbe1628-7-8.html,0
Đầu chuyển khẩu,"Tuýp đen dài lục giác 1/2"" Toptul KBBE1630 15/16""",https://super-mro.com/san-pham/tuyp-den-dai-luc-giac-1-2-toptul-kbbe1630-15-16.html,0
Đầu chuyển khẩu,"Tuýp đen dài lục giác 1/2"" Toptul KBBE1632 1''",https://super-mro.com/san-pham/tuyp-den-dai-luc-giac-1-2-toptul-kbbe1632-1.html,0
Đầu chuyển khẩu,"Tuýp đen dài lục giác 1/2"" Toptul KBBE1634 1-1/16""",https://super-mro.com/san-pham/tuyp-den-dai-luc-giac-1-2-toptul-kbbe1634-1-1-16.html,0
Đầu chuyển khẩu,"Tuýp đen dài lục giác 1/2"" Toptul KBBE1636 1-1/8""",https://super-mro.com/san-pham/tuyp-den-dai-luc-giac-1-2-toptul-kbbe1636-1-1-8.html,0
Đầu chuyển khẩu,"Tuýp đen dài lục giác 1/2"" Toptul KBBE1638 1-3/16""",https://super-mro.com/san-pham/tuyp-den-dai-luc-giac-1-2-toptul-kbbe1638-1-3-16.html,0
Đầu chuyển khẩu,"Tuýp đen dài lục giác 1/2"" Toptul KBBE1640 1-1/4""",https://super-mro.com/san-pham/tuyp-den-dai-luc-giac-1-2-toptul-kbbe1640-1-1-4.html,0
Đầu chuyển khẩu,Bộ đầu vít lục giác 1/4'' Toptul GAAR0301 3 chi tiết,https://super-mro.com/san-pham/bo-dau-vit-luc-giac-1-4-toptul-gaar0301-3-chi-tiet.html,0
Đầu chuyển khẩu,"Đầu nối (đầu chuyển) Toptul GAAR0404 1/4-3/8""",https://super-mro.com/san-pham/dau-noi-dau-chuyen-toptul-gaar0404-1-4-3-8.html,0
Đầu chuyển khẩu,"Đầu chuyển đen Toptul KACP4880 1-1/2""(F) x 2-1/2""(M)",https://super-mro.com/san-pham/dau-chuyen-den-toptul-kacp4880-1-1-2-f-x-2-1-2-m.html,0
Đầu chuyển khẩu,"Đầu tuýp đen lục giác 2-1/2"" Toptul KABA8075 75mm",https://super-mro.com/san-pham/dau-tuyp-den-luc-giac-2-1-2-toptul-kaba8075-75mm.html,0
Đầu chuyển khẩu,"Đầu tuýp đen lục giác 2-1/2"" Toptul KABA8080 80mm",https://super-mro.com/san-pham/dau-tuyp-den-luc-giac-2-1-2-toptul-kaba8080-80mm.html,0
Đầu chuyển khẩu,"Đầu tuýp đen lục giác 2-1/2"" Toptul KABA8085 140mm",https://super-mro.com/san-pham/dau-tuyp-den-luc-giac-2-1-2-toptul-kaba8085-140mm.html,0
Đầu chuyển khẩu,"Đầu tuýp đen lục giác 2-1/2"" Toptul KABA8090 90mm",https://super-mro.com/san-pham/dau-tuyp-den-luc-giac-2-1-2-toptul-kaba8090-90mm.html,0
Đầu chuyển khẩu,"Đầu tuýp đen lục giác 2-1/2"" Toptul KABA8095 95mm",https://super-mro.com/san-pham/dau-tuyp-den-luc-giac-2-1-2-toptul-kaba8095-95mm.html,0
Đầu chuyển khẩu,"Đầu tuýp đen lục giác 2-1/2"" Toptul KAB::13ộ13::0 100mm",https://super-mro.com/san-pham/dau-tuyp-den-luc-giac-2-1-2-toptul-kaba80a0-100mm.html,0
Đầu chuyển khẩu,"Đầu tuýp đen lục giác 2-1/2"" Toptul KAB::13ộ13::5 105mm",https://super-mro.com/san-pham/dau-tuyp-den-luc-giac-2-1-2-toptul-kaba80a5-105mm.html,0
Đầu chuyển khẩu,"Đầu tuýp đen lục giác 2-1/2"" Toptul KABA80B0 110mm",https://super-mro.com/san-pham/dau-tuyp-den-luc-giac-2-1-2-toptul-kaba80b0-110mm.html,0
Đầu chuyển khẩu,"Đầu tuýp đen lục giác 2-1/2"" Toptul KABA80B5 115mm",https://super-mro.com/san-pham/dau-tuyp-den-luc-giac-2-1-2-toptul-kaba80b5-115mm.html,0
Đầu chuyển khẩu,"Đầu tuýp đen lục giác 2-1/2"" Toptul KABA80C0 120mm",https://super-mro.com/san-pham/dau-tuyp-den-luc-giac-2-1-2-toptul-kaba80c0-120mm.html,0
Đầu chuyển khẩu,Đầu chuyển đen 3/8'' Toptul KADD1208 1/4'',https://super-mro.com/san-pham/dau-chuyen-den-3-8-toptul-kadd1208-1-4.html,0
Đầu chuyển khẩu,Đầu chuyển đen 1/2'' Toptul KADD1608 1/4'',https://super-mro.com/san-pham/dau-chuyen-den-1-2-toptul-kadd1608-1-4.html,0
Đầu chuyển khẩu,Đầu chụp có nam châm Bosch 2608522351 8-50mm (đầu bắn tôn),https://super-mro.com/san-pham/dau-chup-co-nam-cham-bosch-2608522351-8-50mm-dau-ban-ton.html,0
Đầu chuyển khẩu,Đầu chụp có nam châm Bosch 2608522352 10-50mm (đầu bắn tôn),https://super-mro.com/san-pham/dau-chup-co-nam-cham-bosch-2608522352-10-50mm-dau-ban-ton.html,0
Đầu chuyển khẩu,Đầu chụp có nam châm Bosch 2608522353 13-50mm (đầu bắn tôn),https://super-mro.com/san-pham/dau-chup-co-nam-cham-bosch-2608522353-13-50mm-dau-ban-ton.html,0
Đầu chuyển khẩu,Bộ chuyển đổi siết bu lông Makita B-68476,https://super-mro.com/san-pham/bo-chuyen-doi-siet-bu-long-makita-b-68476.html,0
Đầu chuyển khẩu,"Bộ chuyển đổi siết bu lông sang chuôi lục giác Makita B-68482 (3/8""-1/4"")",https://super-mro.com/san-pham/bo-chuyen-doi-siet-bu-long-sang-chuoi-luc-giac-makita-b-68482-3-8-1-4.html,0
Đầu chuyển khẩu,Đã xóa 1691,https://super-mro.com/san-pham/da-xoa-1691.html,0
Đầu chuyển khẩu,Đã xóa 1692,https://super-mro.com/san-pham/da-xoa-1692.html,0
Đầu chuyển khẩu,Đã xóa 1697,https://super-mro.com/san-pham/da-xoa-1697.html,0
Đầu chuyển khẩu,Đã xóa 1698,https://super-mro.com/san-pham/da-xoa-1698.html,0
Đầu chuyển khẩu,Đã xóa 1700,https://super-mro.com/san-pham/da-xoa-1700.html,0
Đầu chuyển khẩu,Đã xóa 1701,https://super-mro.com/san-pham/da-xoa-1701.html,0
Đầu chuyển khẩu,Đã xóa 1703,https://super-mro.com/san-pham/da-xoa-1703.html,0
Đầu chuyển khẩu,Đã xóa 1704,https://super-mro.com/san-pham/da-xoa-1704.html,0
Đầu chuyển khẩu,Đã xóa 1705,https://super-mro.com/san-pham/da-xoa-1705.html,0
Đầu chuyển khẩu,Đã xóa 1869,https://super-mro.com/san-pham/da-xoa-1869.html,0
Đầu chuyển khẩu,"Đầu chuyển đổi cốt 1 4"" Makita B-65844",https://super-mro.com/san-pham/dau-chuyen-doi-cot-1-4-makita-b-65844.html,0
Đầu chuyển khẩu,"Đầu chuyển đổi cốt 3 8"" Makita B-65850",https://super-mro.com/san-pham/dau-chuyen-doi-cot-3-8-makita-b-65850.html,0
Đầu chuyển khẩu,"Đầu chuyển đổi siết bu lông Makita 134746-7 12,7mm (1/2'')",https://super-mro.com/san-pham/dau-chuyen-doi-siet-bu-long-makita-134746-7-12-7mm-1-2.html,0
Đầu chuyển khẩu,"Đầu chuyển đổi siết bu lông Makita 134745-9 9,5mm (3/8'')",https://super-mro.com/san-pham/dau-chuyen-doi-siet-bu-long-makita-134745-9-9-5mm-3-8.html,0
Đầu chuyển khẩu,Đầu chuyển đổi vặn vít chuôi sds-plus Makita B-57548,https://super-mro.com/san-pham/dau-chuyen-doi-van-vit-chuoi-sds-plus-makita-b-57548.html,0
Đầu chuyển khẩu,Đầu chuyển siết bu lông Makita 192439-2,https://super-mro.com/san-pham/dau-chuyen-siet-bu-long-makita-192439-2.html,0
Đầu chuyển khẩu,"Đầu chuyển văn vít sang bu lông Makita E-08850 impactblack 1/2""",https://super-mro.com/san-pham/dau-chuyen-van-vit-sang-bu-long-makita-e-08850-impactblack-1-2.html,0
Đầu chuyển khẩu,"Đầu chuyển văn vít sang bu lông Makita E-08844 impactblack 3/8""",https://super-mro.com/san-pham/dau-chuyen-van-vit-sang-bu-long-makita-e-08844-impactblack-3-8.html,0
Đầu chuyển khẩu,Đầu chuyển vặn vít(nz) Makita 192440-7,https://super-mro.com/san-pham/dau-chuyen-van-vit-nz-makita-192440-7.html,0
Đầu chuyển khẩu,"Đầu nối socket Makita B-40107 13 -38 127mm/1/2""",https://super-mro.com/san-pham/dau-noi-socket-makita-b-40107-13-38-127mm-1-2.html,0
Đầu chuyển khẩu,Phụ kiện chuyển đổi từ chuôi vặn vít (nz) Makita B-54689,https://super-mro.com/san-pham/phu-kien-chuyen-doi-tu-chuoi-van-vit-nz-makita-b-54689.html,0
Đầu chuyển khẩu,Phụ kiện chuyển đổi từ chuôi vặn vít (nz) Makita B-54695,https://super-mro.com/san-pham/phu-kien-chuyen-doi-tu-chuoi-van-vit-nz-makita-b-54695.html,0
Đầu chuyển khẩu,"Tuýp mũi Lục giác 1/4"" Yato YT-1503 8mm",https://super-mro.com/san-pham/tuyp-mui-luc-giac-1-4-yato-yt-1503-8mm.html,0
Đầu chuyển khẩu,"Tuýp mũi vít Lục giác 1/4"" Yato YT-1511 6mm",https://super-mro.com/san-pham/tuyp-mui-vit-luc-giac-1-4-yato-yt-1511-6mm.html,0
Đầu chuyển khẩu,"Tuýp mũi Lục giác 1/4"" Yato YT-1502 7mm",https://super-mro.com/san-pham/tuyp-mui-luc-giac-1-4-yato-yt-1502-7mm.html,0
Đầu chuyển khẩu,"Tuýp mũi vít Lục giác 1/4"" Yato YT-1512 7mm",https://super-mro.com/san-pham/tuyp-mui-vit-luc-giac-1-4-yato-yt-1512-7mm.html,0
Đầu chuyển khẩu,"Tuýp mũi vít Lục giác 1/4"" Yato YT-1513 8mm",https://super-mro.com/san-pham/tuyp-mui-vit-luc-giac-1-4-yato-yt-1513-8mm.html,0
Đầu chuyển khẩu,"Tuýp mũi vít Lục giác 1/4"" Yato YT-1515 10mm",https://super-mro.com/san-pham/tuyp-mui-vit-luc-giac-1-4-yato-yt-1515-10mm.html,0
Đầu chuyển khẩu,"Tuýp mũi vít Lục giác 1/4"" Yato YT-1517 12mm",https://super-mro.com/san-pham/tuyp-mui-vit-luc-giac-1-4-yato-yt-1517-12mm.html,0
Đầu chuyển khẩu,"Tuýp mũi vít Lục giác 1/4"" Yato YT-1518 13mm",https://super-mro.com/san-pham/tuyp-mui-vit-luc-giac-1-4-yato-yt-1518-13mm.html,0
Đầu chuyển khẩu,"Tuýp mũi Lục giác 1/4"" Yato YT-1501 6mm",https://super-mro.com/san-pham/tuyp-mui-luc-giac-1-4-yato-yt-1501-6mm.html,0
Đầu chuyển khẩu,"Tuýp mũi Lục giác 1/4"" Yato YT-1505 10mm",https://super-mro.com/san-pham/tuyp-mui-luc-giac-1-4-yato-yt-1505-10mm.html,0
Đầu chuyển khẩu,"Tuýp mũi Lục giác 1/4"" Yato YT-1507 12mm",https://super-mro.com/san-pham/tuyp-mui-luc-giac-1-4-yato-yt-1507-12mm.html,0
Đầu chuyển khẩu,"Tuýp mũi Lục giác 1/4"" Yato YT-1508 13mm",https://super-mro.com/san-pham/tuyp-mui-luc-giac-1-4-yato-yt-1508-13mm.html,0
Đầu chuyển khẩu,"Đầu chuyển đổi lục giác 1/4"" sang kẹp mũi khoan 3 chấu Yato YT-04644",https://super-mro.com/san-pham/dau-chuyen-doi-luc-giac-1-4-sang-kep-mui-khoan-3-chau-yato-yt-04644.html,0
Đầu chuyển khẩu,"Bộ mũi khoan đầu chuyển đổi Yato YT-04686 3 chi tiết 1/4"", 3/8""/ 1/2""",https://super-mro.com/san-pham/bo-mui-khoan-dau-chuyen-doi-yato-yt-04686-3-chi-tiet-1-4-3-8-1-2.html,0
Đầu chuyển khẩu,"Đầu chuyển Yato YT-1438 1/4""-3/8""",https://super-mro.com/san-pham/dau-chuyen-yato-yt-1438-1-4-3-8.html,0
Đầu chuyển khẩu,"Đầu chuyển đổi đa năng 3 cách Yato YT-38541 3/8""/1/2""",https://super-mro.com/san-pham/dau-chuyen-doi-da-nang-3-cach-yato-yt-38541-3-8-1-2.html,0
Đầu chuyển khẩu,"Mũi vít 1/4"" Yato YT-76590 T 6 L37mm",https://super-mro.com/san-pham/mui-vit-1-4-yato-yt-76590-t-6-l37mm.html,0
Đầu chuyển khẩu,"Mũi vít 1/4"" Yato YT-76591 T 7 L37mm",https://super-mro.com/san-pham/mui-vit-1-4-yato-yt-76591-t-7-l37mm.html,0
Đầu chuyển khẩu,"Mũi vít 1/4"" Yato YT-76592 T 9 L37mm",https://super-mro.com/san-pham/mui-vit-1-4-yato-yt-76592-t-9-l37mm.html,0
Đầu chuyển khẩu,"Mũi vít 1/4"" Yato YT-76593 T 27 L37mm",https://super-mro.com/san-pham/mui-vit-1-4-yato-yt-76593-t-27-l37mm.html,0
Đầu chuyển khẩu,"Mũi vít 3/8"" Hex Yato YT-76594 7mm L36mm",https://super-mro.com/san-pham/mui-vit-3-8-hex-yato-yt-76594-7mm-l36mm.html,0
Đầu chuyển khẩu,"Mũi vít 3/8"" Hex Yato YT-76595 9mm L92mm",https://super-mro.com/san-pham/mui-vit-3-8-hex-yato-yt-76595-9mm-l92mm.html,0
Đầu chuyển khẩu,"Đầu chuyển đổi lục giác Yato YT-04625 1/4"" sang khẩu 1/4""",https://super-mro.com/san-pham/dau-chuyen-doi-luc-giac-yato-yt-04625-1-4-sang-khau-1-4.html,0
Đầu chuyển khẩu,"Đầu chuyển đổi lục giác Yato YT-04626 1/4"" sang khẩu 3/8""",https://super-mro.com/san-pham/dau-chuyen-doi-luc-giac-yato-yt-04626-1-4-sang-khau-3-8.html,0
Đầu chuyển khẩu,"Đầu chuyển đổi lục giác Yato YT-04627 1/4"" sang khẩu 1/2""",https://super-mro.com/san-pham/dau-chuyen-doi-luc-giac-yato-yt-04627-1-4-sang-khau-1-2.html,0
Đầu chuyển khẩu,"Đầu chuyển đổi lục giác Yato YT-04628 1/4"" sang khẩu 1/4"", 3/8"", 1/2"" dài, 3 chi tiết",https://super-mro.com/san-pham/dau-chuyen-doi-luc-giac-yato-yt-04628-1-4-sang-khau-1-4-3-8-1-2-dai-3-chi-tiet.html,0
Đầu chuyển khẩu,"Đầu chuyển đổi lục giác Yato YT-04629 1/4"" sang khẩu 1/4"", 3/8"", 1/2"" ngắn-dài, 6 chi tiết",https://super-mro.com/san-pham/dau-chuyen-doi-luc-giac-yato-yt-04629-1-4-sang-khau-1-4-3-8-1-2-ngan-dai-6-chi-tiet.html,0
Đầu chuyển khẩu,"Cần siết đầu chuyển Stanley STMT88558-8B 1/2""Fx3/4""M",https://super-mro.com/san-pham/can-siet-dau-chuyen-stanley-stmt88558-8b-1-2-fx3-4-m.html,0
Đầu chuyển khẩu,"Cần siết đầu chuyển Stanley STMT86414-8B 1/2""Fx3/8""M",https://super-mro.com/san-pham/can-siet-dau-chuyen-stanley-stmt86414-8b-1-2-fx3-8-m.html,0
Đầu chuyển khẩu,"Cần siết đầu chuyển Stanley STMT93091-8B 3/4""",https://super-mro.com/san-pham/can-siet-dau-chuyen-stanley-stmt93091-8b-3-4.html,0
Đầu chuyển khẩu,Bộ chuyển đổi Dewalt DWA38ADPTMI 1/4 thành 3/8,https://super-mro.com/san-pham/bo-chuyen-doi-dewalt-dwa38adptmi-1-4-thanh-3-8.html,0
Đầu chuyển khẩu,Bộ chuyển đổi Dewalt DWA12ADPTMI 1/4 thành 1/2,https://super-mro.com/san-pham/bo-chuyen-doi-dewalt-dwa12adptmi-1-4-thanh-1-2.html,0
Đầu chuyển khẩu,Bộ chuyển đổi Dewalt DWAADPTMI3 1/4 3/8 1/2,https://super-mro.com/san-pham/bo-chuyen-doi-dewalt-dwaadptmi3-1-4-3-8-1-2.html,0
