category_name,name,url,status
Đồng hồ vạn năng,Đồng hồ vạn năng Kyoritsu 1011,https://super-mro.com/san-pham/1g566-dong-ho-van-nang-kyoritsu-1011.html,0
Đồng hồ vạn năng,Đồng hồ vạn năng Kyoritsu 1030,https://super-mro.com/san-pham/1g572-dong-ho-van-nang-kyoritsu-1030.html,0
Đồng hồ vạn năng,Đồng hồ vạn năng True RMS Kyoritsu 1051,https://super-mro.com/san-pham/ht712-dong-ho-van-nang-true-rms-kyoritsu-1051.html,0
Đồng hồ vạn năng,Đồng hồ vạn năng True RMS Kyoritsu 1052,https://super-mro.com/san-pham/1g574-dong-ho-van-nang-true-rms-kyoritsu-1052.html,0
Đồng hồ vạn năng,Đồng hồ vạn năng Kyoritsu 1061,https://super-mro.com/san-pham/1g576-dong-ho-van-nang-kyoritsu-1061.html,0
Đồng hồ vạn năng,Đồng hồ vạn năng Kyoritsu 1062,https://super-mro.com/san-pham/1g580-dong-ho-van-nang-kyoritsu-1062.html,0
Đồng hồ vạn năng,Đồng hồ đa năng Analog Kyoritsu 1110,https://super-mro.com/san-pham/1g584-dong-ho-da-nang-analog-kyoritsu-1110.html,0
Đồng hồ vạn năng,"Đồng hồ vạn năng,ampe kìm AC-DC Kyoritsu 2001",https://super-mro.com/san-pham/1g586-dong-ho-van-nang-ampe-kim-ac-dc-kyoritsu-2001.html,0
Đồng hồ vạn năng,Đồng hồ vạn năng Kyoritsu 1009,https://super-mro.com/san-pham/htb19-dong-ho-van-nang-kyoritsu-1009.html,0
Đồng hồ vạn năng,Đồng hồ vạn năng Kyoritsu 1018H,https://super-mro.com/san-pham/hwt94-dong-ho-van-nang-kyoritsu-1018h.html,0
Đồng hồ vạn năng,Đồng hồ vạn năng Kyoritsu 1019R,https://super-mro.com/san-pham/1g564-dong-ho-van-nang-kyoritsu-1019r.html,0
Đồng hồ vạn năng,Đồng hồ vạn năng Kyoritsu 1021R,https://super-mro.com/san-pham/1g570-dong-ho-van-nang-kyoritsu-1021r.html,0
Đồng hồ vạn năng,Đồng hồ đa năng Analog Kyoritsu 1109S,https://super-mro.com/san-pham/1g582-dong-ho-da-nang-analog-kyoritsu-1109s.html,0
Đồng hồ vạn năng,Đồng hồ vạn năng ampe kìm AC-DC Kyoritsu 2000,https://super-mro.com/san-pham/ht-97-dong-ho-van-nang-ampe-kim-ac-dc-kyoritsu-2000.html,0
Đồng hồ vạn năng,Đồng hồ vạn năng Kyoritsu 2001A,https://super-mro.com/san-pham/1a9415-dong-ho-van-nang-kyoritsu-2001a.html,0
Đồng hồ vạn năng,Đồng hồ vạn năng Kyoritsu 2012RA,https://super-mro.com/san-pham/1a9416-dong-ho-van-nang-kyoritsu-2012ra.html,0
Đồng hồ vạn năng,Đồng hồ đo điện đa năng Sanwa AP33,https://super-mro.com/san-pham/-1a9632-dong-ho-do-dien-da-nang-sanwa-a33.html,0
Đồng hồ vạn năng,Đồng hồ đo điện đa năng Sanwa CX506a,https://super-mro.com/san-pham/1j854-dong-ho-do-dien-da-nang-sanwa-c-506a.html,0
Đồng hồ vạn năng,Đồng hồ đo điện đa năng Sanwa EM7000,https://super-mro.com/san-pham/1v097-dong-ho-do-dien-da-nang-sanwa-em7000.html,0
Đồng hồ vạn năng,Đồng hồ đo điện đa năng Sanwa SP20,https://super-mro.com/san-pham/1v100-dong-ho-do-dien-da-nang-sanwa-sp20.html,0
Đồng hồ vạn năng,Đồng hồ đo điện đa năng Sanwa SP21,https://super-mro.com/san-pham/1v101-dong-ho-do-dien-da-nang-sanwa-sp21.html,0
Đồng hồ vạn năng,Đồng hồ đo điện đa năng Sanwa TA55,https://super-mro.com/san-pham/1v102-dong-ho-do-dien-da-nang-sanwa-ta55.html,0
Đồng hồ vạn năng,Đồng hồ đo điện đa năng Sanwa YX360TRF,https://super-mro.com/san-pham/1v104-dong-ho-do-dien-da-nang-sanwa-y-360trf.html,0
Đồng hồ vạn năng,Đồng hồ đo điện đa năng Sanwa YX-361TR,https://super-mro.com/san-pham/1v105-dong-ho-do-dien-da-nang-sanwa-y-361tr.html,0
Đồng hồ vạn năng,Đồng hồ đo điện đa năng Sanwa VS-100,https://super-mro.com/san-pham/1v103-dong-ho-do-dien-da-nang-sanwa-vs-100.html,0
Đồng hồ vạn năng,Đồng hồ đo điện đa năng số Sanwa CD732,https://super-mro.com/san-pham/1q800-dong-ho-do-dien-da-nang-so-sanwa-cd732.html,0
Đồng hồ vạn năng,Đồng hồ đo điện đa năng số Sanwa CD770,https://super-mro.com/san-pham/1q811-dong-ho-do-dien-da-nang-so-sanwa-cd770.html,0
Đồng hồ vạn năng,Đồng hồ đo điện đa năng số Sanwa CD771,https://super-mro.com/san-pham/ht690-dong-ho-do-dien-da-nang-so-sanwa-cd771.html,0
Đồng hồ vạn năng,Đồng hồ đo điện đa năng số Sanwa CD772,https://super-mro.com/san-pham/1q802-dong-ho-do-dien-da-nang-so-sanwa-cd772.html,0
Đồng hồ vạn năng,Đồng hồ đo điện đa năng số Sanwa CD800a,https://super-mro.com/san-pham/1j852-dong-ho-do-dien-da-nang-so-sanwa-cd800a.html,0
Đồng hồ vạn năng,Đồng hồ đo điện đa năng số Sanwa KP1,https://super-mro.com/san-pham/1q803-dong-ho-do-dien-da-nang-so-sanwa-kp1.html,0
Đồng hồ vạn năng,Đồng hồ đo điện đa năng số Sanwa PC20,https://super-mro.com/san-pham/1q804-dong-ho-do-dien-da-nang-so-sanwa-pc20.html,0
Đồng hồ vạn năng,Đồng hồ đo điện đa năng số Sanwa PC7000,https://super-mro.com/san-pham/1j857-dong-ho-do-dien-da-nang-so-sanwa-pc7000.html,0
Đồng hồ vạn năng,Đồng hồ đo điện đa năng số Sanwa PC700,https://super-mro.com/san-pham/1q805-dong-ho-do-dien-da-nang-so-sanwa-pc700.html,0
Đồng hồ vạn năng,Đồng hồ đo điện đa năng số Sanwa PC710,https://super-mro.com/san-pham/1q806-dong-ho-do-dien-da-nang-so-sanwa-pc710.html,0
Đồng hồ vạn năng,Đồng hồ đo điện đa năng số Sanwa PC720M,https://super-mro.com/san-pham/1q807-dong-ho-do-dien-da-nang-so-sanwa-pc720m.html,0
Đồng hồ vạn năng,Đồng hồ đo điện đa năng số Sanwa PC773,https://super-mro.com/san-pham/1q808-dong-ho-do-dien-da-nang-so-sanwa-pc773.html,0
Đồng hồ vạn năng,Đồng hồ đo điện đa năng số Sanwa PM11,https://super-mro.com/san-pham/1j856-dong-ho-do-dien-da-nang-so-sanwa-pm11.html,0
Đồng hồ vạn năng,Đồng hồ đo điện đa năng số Sanwa PM3,https://super-mro.com/san-pham/1j853-dong-ho-do-dien-da-nang-so-sanwa-pm3.html,0
Đồng hồ vạn năng,Đồng hồ đo điện đa năng số Sanwa PM7a,https://super-mro.com/san-pham/1v121-dong-ho-do-dien-da-nang-so-sanwa-pm7a.html,0
Đồng hồ vạn năng,Đồng hồ đo điện đa năng số Sanwa PS8a,https://super-mro.com/san-pham/1v122-dong-ho-do-dien-da-nang-so-sanwa-ps8a.html,0
Đồng hồ vạn năng,Đồng hồ đo điện đa năng số Sanwa RD700,https://super-mro.com/san-pham/1v123-dong-ho-do-dien-da-nang-so-sanwa-rd700.html,0
Đồng hồ vạn năng,Đồng hồ đo điện đa năng số Sanwa RD701,https://super-mro.com/san-pham/1v124-dong-ho-do-dien-da-nang-so-sanwa-rd701.html,0
Đồng hồ vạn năng,Đồng hồ đo điện đa năng số Sanwa PM33a,https://super-mro.com/san-pham/1q812-dong-ho-do-dien-da-nang-so-sanwa-pm33a.html,0
Đồng hồ vạn năng,Đồng hồ đa năng Analog Hioki 3030-10,https://super-mro.com/san-pham/1g836-dong-ho-da-nang-analog-hioki-3030-10.html,0
Đồng hồ vạn năng,Đồng hồ vạn năng bỏ túi Hioki 3244-60,https://super-mro.com/san-pham/sp000486-dong-ho-van-nang-bo-tui-hioki-3244-60.html,0
Đồng hồ vạn năng,Đồng hồ vạn năng True RMS Hioki DT4221,https://super-mro.com/san-pham/1g843-dong-ho-van-nang-true-rms-hioki-dt4221.html,0
Đồng hồ vạn năng,Đồng hồ vạn năng True RMS Hioki DT4252,https://super-mro.com/san-pham/1g845-dong-ho-van-nang-true-rms-hioki-dt4252.html,0
Đồng hồ vạn năng,Đồng hồ vạn năng True RMS Hioki DT4253,https://super-mro.com/san-pham/1g846-dong-ho-van-nang-true-rms-hioki-dt4253.html,0
Đồng hồ vạn năng,Đồng hồ vạn năng True RMS Hioki DT4254,https://super-mro.com/san-pham/sp000496-dong-ho-van-nang-true-rms-hioki-dt4254.html,0
Đồng hồ vạn năng,Đồng hồ vạn năng True RMS Hioki DT4255,https://super-mro.com/san-pham/1g848-dong-ho-van-nang-true-rms-hioki-dt4255.html,0
Đồng hồ vạn năng,Đồng hồ vạn năng True RMS Hioki DT4256,https://super-mro.com/san-pham/sp003372-dong-ho-van-nang-true-rms-hioki-dt4256.html,0
Đồng hồ vạn năng,Đồng hồ vạn năng True RMS Hioki DT4281,https://super-mro.com/san-pham/1g850-dong-ho-van-nang-true-rms-hioki-dt4281.html,0
Đồng hồ vạn năng,Đồng hồ vạn năng True RMS Hioki DT4282,https://super-mro.com/san-pham/1g852-dong-ho-van-nang-true-rms-hioki-dt4282.html,0
Đồng hồ vạn năng,Đồng hồ vạn năng True RMS Hioki DT4222,https://super-mro.com/san-pham/1g844-dong-ho-van-nang-true-rms-hioki-dt4222.html,0
Đồng hồ vạn năng,Đồng hồ vạn năng Hioki DT4223,https://super-mro.com/san-pham/1b0214-dong-ho-van-nang-hioki-dt4223.html,0
Đồng hồ vạn năng,Đồng hồ vạn năng Hioki DT4224,https://super-mro.com/san-pham/1b0215-dong-ho-van-nang-hioki-dt4224.html,0
Đồng hồ vạn năng,Đồng hồ vạn năng Hioki IR4057-50,https://super-mro.com/san-pham/1b0233-dong-ho-van-nang-hioki-ir4057-50.html,0
Đồng hồ vạn năng,Đồng hồ vạn năng Fluke 115 (True RMS),https://super-mro.com/san-pham/dong-ho-van-nang-fluke-115-true-rms.html,0
Đồng hồ vạn năng,Đồng hồ vạn năng Fluke 17B+ (Đo nhiệt độ),https://super-mro.com/san-pham/dong-ho-van-nang-fluke-17b-do-nhiet-do.html,0
Đồng hồ vạn năng,Đồng hồ vạn năng Fluke 87V (True RMS),https://super-mro.com/san-pham/dong-ho-van-nang-fluke-87v-true-rms.html,0
Đồng hồ vạn năng,Đồng hồ vạn năng Fluke 289/FVF,https://super-mro.com/san-pham/dong-ho-van-nang-fluke-289-fvf.html,0
Đồng hồ vạn năng,Đồng hồ vạn năng Fluke 177,https://super-mro.com/san-pham/dong-ho-van-nang-fluke-177.html,0
Đồng hồ vạn năng,Đồng hồ hiệu chuẩn vạn năng Fluke 789,https://super-mro.com/san-pham/dong-ho-hieu-chuan-van-nang-fluke-789.html,0
Đồng hồ vạn năng,Đồng hồ vạn năng Fluke 233,https://super-mro.com/san-pham/dong-ho-van-nang-fluke-233.html,0
Đồng hồ vạn năng,Đồng hồ vạn năng Insize 9242-ML100,https://super-mro.com/san-pham/1b0647-dong-ho-van-nang-insize-9242-ml100-.html,0
Đồng hồ vạn năng,Đồng hồ đo điện vạn năng Asaki AK-9184 180 x 80 x 35mm,https://super-mro.com/san-pham/dong-ho-do-dien-van-nang-asaki-ak-9184-180-x-80-x-35mm.html,0
Đồng hồ vạn năng,Đồng hồ vạn năng điện tử Toptul EAAA0169,https://super-mro.com/san-pham/dong-ho-van-nang-dien-tu-toptul-eaaa0169.html,0
Đồng hồ vạn năng,Đồng hồ vạn năng đo điện Toptul EAAB0260E,https://super-mro.com/san-pham/dong-ho-van-nang-do-dien-toptul-eaab0260e.html,0
Đồng hồ vạn năng,Đồng hồ đo vạn năng Toptul EAAC0260E,https://super-mro.com/san-pham/dong-ho-do-van-nang-toptul-eaac0260e.html,0
Đồng hồ vạn năng,ĐỒNG HỒ VẠN NĂNG KYORITSU 1020R,https://super-mro.com/san-pham/dong-ho-van-nang-kyoritsu-1020r.html,0
Đồng hồ vạn năng,ĐỒNG HỒ VẠN NĂNG KYORITSU 2000A,https://super-mro.com/san-pham/dong-ho-van-nang-kyoritsu-2000a.html,0
Đồng hồ vạn năng,Đồng hồ vạn năng chỉ thị kim Sanwa SP-18D,https://super-mro.com/san-pham/dong-ho-van-nang-chi-thi-kim-sanwa-sp-18d.html,0
Đồng hồ vạn năng,Vạn Năng Kế Kỹ Thuật Số Testo 760-1 0590 7601,https://super-mro.com/san-pham/van-nang-ke-ky-thuat-so-testo-760-1-0590-7601.html,0
Đồng hồ vạn năng,Vạn năng kế kỹ thuật số Testo 760-2 0590 7602,https://super-mro.com/san-pham/van-nang-ke-ky-thuat-so-testo-760-2-0590-7602.html,0
Đồng hồ vạn năng,Vạn năng kế kỹ thuật số Testo 760-3 0590 7603,https://super-mro.com/san-pham/van-nang-ke-ky-thuat-so-testo-760-3-0590-7603.html,0
Đồng hồ vạn năng,Đồng hồ vạn năng Hioki DT4256,https://super-mro.com/san-pham/dong-ho-van-nang-hioki-dt4256.html,0
Đồng hồ vạn năng,Đồng hồ vạn năng Yato YT-73080,https://super-mro.com/san-pham/dong-ho-van-nang-yato-yt-73080.html,0
Đồng hồ vạn năng,Đồng hồ vạn năng Yato YT-73082,https://super-mro.com/san-pham/dong-ho-van-nang-yato-yt-73082.html,0
Đồng hồ vạn năng,Đồng hồ vạn năng Yato YT-73084,https://super-mro.com/san-pham/dong-ho-van-nang-yato-yt-73084.html,0
Đồng hồ vạn năng,Đồng hồ vạn năng Yato YT-73086,https://super-mro.com/san-pham/dong-ho-van-nang-yato-yt-73086.html,0
Đồng hồ vạn năng,Đồng hồ vạn năng 5 trong 1 Yato YT-73087,https://super-mro.com/san-pham/dong-ho-van-nang-5-trong-1-yato-yt-73087.html,0
Đồng hồ vạn năng,Đồng hồ vặn năng hiệu dụng thực Yato YT-73089,https://super-mro.com/san-pham/dong-ho-van-nang-hieu-dung-thuc-yato-yt-73089.html,0
Đồng hồ vạn năng,Đồng hồ vạn năng dạng kẹp Yato YT-73091,https://super-mro.com/san-pham/dong-ho-van-nang-dang-kep-yato-yt-73091.html,0
Đồng hồ vạn năng,Đồng hồ vặn năng hiệu dụng thực Yato YT-73096,https://super-mro.com/san-pham/dong-ho-van-nang-hieu-dung-thuc-yato-yt-73096.html,0
